This is pdfTeX, Version 3.141592653-2.6-1.40.27 (MiKTeX 25.4) (preloaded format=pdflatex 2025.12.1)  8 SEP 2026 10:52
entering extended mode
 restricted \write18 enabled.
 %&-line parsing enabled.
**./plantilla_TFM.tex
(plantilla_TFM.tex
LaTeX2e <2025-11-01>
L3 programming layer <2025-11-06>
(include/Preambulo.tex
(C:\Users\USUARIO\AppData\Local\Programs\MiKTeX\tex/latex/base\book.cls
Document Class: book 2025/01/22 v1.4n Standard LaTeX document class
(C:\Users\USUARIO\AppData\Local\Programs\MiKTeX\tex/latex/base\bk11.clo
File: bk11.clo 2025/01/22 v1.4n Standard LaTeX file (size option)
)
\c@part=\count275
\c@chapter=\count276
\c@section=\count277
\c@subsection=\count278
\c@subsubsection=\count279
\c@paragraph=\count280
\c@subparagraph=\count281
\c@figure=\count282
\c@table=\count283
\abovecaptionskip=\skip49
\belowcaptionskip=\skip50
\bibindent=\dimen148
)
(C:\Users\USUARIO\AppData\Local\Programs\MiKTeX\tex/latex/base\inputenc.sty
Package: inputenc 2024/02/08 v1.3d Input encoding file
\inpenc@prehook=\toks17
\inpenc@posthook=\toks18
)
(C:\Users\USUARIO\AppData\Local\Programs\MiKTeX\tex/latex/base\fontenc.sty
Package: fontenc 2025/07/18 v2.1d Standard LaTeX package
)
(C:\Users\USUARIO\AppData\Local\Programs\MiKTeX\tex/generic/babel\babel.sty
Package: babel 2025/11/09 v25.15 The multilingual framework for LuaLaTeX, pdfLa
TeX and XeLaTeX
\babel@savecnt=\count284
LaTeX Encoding Info:    Redeclaring text command \ij (encoding OT1) on input li
ne 2050.
LaTeX Encoding Info:    Redeclaring text command \IJ (encoding OT1) on input li
ne 2052.
LaTeX Encoding Info:    Redeclaring text command \ij (encoding T1) on input lin
e 2054.
LaTeX Encoding Info:    Redeclaring text command \IJ (encoding T1) on input lin
e 2055.
LaTeX Encoding Info:    Ignoring declaration for text command \ij (encoding ?) 
on input line 2056.
LaTeX Encoding Info:    Ignoring declaration for text command \IJ (encoding ?) 
on input line 2058.
LaTeX Encoding Info:    Ignoring declaration for text command \SS (encoding ?) 
on input line 2083.
\U@D=\dimen149
\l@unhyphenated=\language79

(C:\Users\USUARIO\AppData\Local\Programs\MiKTeX\tex/generic/babel\txtbabel.def)
\bbl@readstream=\read2
\bbl@dirlevel=\count285
Package babel Info: Configuration files are deprecated, as
(babel)             they can break document portability.
(babel)             Reported on input line 4175.
*************************************
* Local config file bblopts.cfg used
*
(C:\Users\USUARIO\AppData\Local\Programs\MiKTeX\tex/latex/arabi\bblopts.cfg
File: bblopts.cfg 2005/09/08 v0.1 add Arabic and Farsi to "declared" options of
 babel
)
(C:\Users\USUARIO\AppData\Local\Programs\MiKTeX\tex/generic/babel/locale/en\bab
el-english.tex)
(C:\Users\USUARIO\AppData\Local\Programs\MiKTeX\tex/generic/babel/locale/es\bab
el-spanish.tex)
Package babel Info: Importing font and identification data for english
(babel)             from babel-en.ini. Reported on input line 4298.

(C:\Users\USUARIO\AppData\Local\Programs\MiKTeX\tex/latex/babel-english\english
.ldf
Language: english 2017/06/06 v3.3r English support from the babel system
Package babel Info: Hyphen rules for 'canadian' set to \l@english
(babel)             (\language0). Reported on input line 102.
Package babel Info: Hyphen rules for 'australian' set to \l@ukenglish
(babel)             (\language73). Reported on input line 105.
Package babel Info: Hyphen rules for 'newzealand' set to \l@ukenglish
(babel)             (\language73). Reported on input line 108.
)
Package babel Info: Importing font and identification data for spanish
(babel)             from babel-es.ini. Reported on input line 4298.

(C:\Users\USUARIO\AppData\Local\Programs\MiKTeX\tex/latex/babel-spanish\spanish
.ldf
Language: spanish.ldf 2021/05/27 v5.0q Spanish support from the babel system
\es@quottoks=\toks19
\es@quotdepth=\count286
Package babel Info: Making " an active character on input line 570.
Package babel Info: Making . an active character on input line 675.
Package babel Info: Making < an active character on input line 722.
Package babel Info: Making > an active character on input line 722.
))
LaTeX Encoding Info:    Redeclaring text command \guillemotleft (encoding OT1) 
on input line 14.
LaTeX Encoding Info:    Redeclaring text command \guillemotright (encoding OT1)
 on input line 14.

(C:\Users\USUARIO\AppData\Local\Programs\MiKTeX\tex/latex/psnfss\bookman.sty
Package: bookman 2020/03/25 PSNFSS-v9.3 (SPQR) 
)
(C:\Users\USUARIO\AppData\Local\Programs\MiKTeX\tex/latex/graphics\graphicx.sty
Package: graphicx 2024/12/31 v1.2e Enhanced LaTeX Graphics (DPC,SPQR)
(C:\Users\USUARIO\AppData\Local\Programs\MiKTeX\tex/latex/graphics\keyval.sty
Package: keyval 2022/05/29 v1.15 key=value parser (DPC)
\KV@toks@=\toks20
)
(C:\Users\USUARIO\AppData\Local\Programs\MiKTeX\tex/latex/graphics\graphics.sty
Package: graphics 2024/08/06 v1.4g Standard LaTeX Graphics (DPC,SPQR)
(C:\Users\USUARIO\AppData\Local\Programs\MiKTeX\tex/latex/graphics\trig.sty
Package: trig 2023/12/02 v1.11 sin cos tan (DPC)
)
(C:\Users\USUARIO\AppData\Local\Programs\MiKTeX\tex/latex/graphics-cfg\graphics
.cfg
File: graphics.cfg 2016/06/04 v1.11 sample graphics configuration
)
Package graphics Info: Driver file: pdftex.def on input line 106.

(C:\Users\USUARIO\AppData\Local\Programs\MiKTeX\tex/latex/graphics-def\pdftex.d
ef
File: pdftex.def 2025/09/29 v1.2d Graphics/color driver for pdftex
))
\Gin@req@height=\dimen150
\Gin@req@width=\dimen151
)
(C:\Users\USUARIO\AppData\Local\Programs\MiKTeX\tex/latex/pgf/frontendlayer\tik
z.sty
(C:\Users\USUARIO\AppData\Local\Programs\MiKTeX\tex/latex/pgf/basiclayer\pgf.st
y
(C:\Users\USUARIO\AppData\Local\Programs\MiKTeX\tex/latex/pgf/utilities\pgfrcs.
sty
(C:\Users\USUARIO\AppData\Local\Programs\MiKTeX\tex/generic/pgf/utilities\pgfut
il-common.tex
\pgfutil@everybye=\toks21
\pgfutil@tempdima=\dimen152
\pgfutil@tempdimb=\dimen153
)
(C:\Users\USUARIO\AppData\Local\Programs\MiKTeX\tex/generic/pgf/utilities\pgfut
il-latex.def
\pgfutil@abb=\box53
)
(C:\Users\USUARIO\AppData\Local\Programs\MiKTeX\tex/generic/pgf/utilities\pgfrc
s.code.tex
(C:\Users\USUARIO\AppData\Local\Programs\MiKTeX\tex/generic/pgf\pgf.revision.te
x)
Package: pgfrcs 2025-08-29 v3.1.11a (3.1.11a)
))
Package: pgf 2025-08-29 v3.1.11a (3.1.11a)

(C:\Users\USUARIO\AppData\Local\Programs\MiKTeX\tex/latex/pgf/basiclayer\pgfcor
e.sty
(C:\Users\USUARIO\AppData\Local\Programs\MiKTeX\tex/latex/pgf/systemlayer\pgfsy
s.sty
(C:\Users\USUARIO\AppData\Local\Programs\MiKTeX\tex/generic/pgf/systemlayer\pgf
sys.code.tex
Package: pgfsys 2025-08-29 v3.1.11a (3.1.11a)

(C:\Users\USUARIO\AppData\Local\Programs\MiKTeX\tex/generic/pgf/utilities\pgfke
ys.code.tex
\pgfkeys@pathtoks=\toks22
\pgfkeys@temptoks=\toks23

(C:\Users\USUARIO\AppData\Local\Programs\MiKTeX\tex/generic/pgf/utilities\pgfke
yslibraryfiltered.code.tex
\pgfkeys@tmptoks=\toks24
))
\pgf@x=\dimen154
\pgf@y=\dimen155
\pgf@xa=\dimen156
\pgf@ya=\dimen157
\pgf@xb=\dimen158
\pgf@yb=\dimen159
\pgf@xc=\dimen160
\pgf@yc=\dimen161
\pgf@xd=\dimen162
\pgf@yd=\dimen163
\w@pgf@writea=\write3
\r@pgf@reada=\read3
\c@pgf@counta=\count287
\c@pgf@countb=\count288
\c@pgf@countc=\count289
\c@pgf@countd=\count290
\t@pgf@toka=\toks25
\t@pgf@tokb=\toks26
\t@pgf@tokc=\toks27
\pgf@sys@id@count=\count291

(C:\Users\USUARIO\AppData\Local\Programs\MiKTeX\tex/generic/pgf/systemlayer\pgf
.cfg
File: pgf.cfg 2025-08-29 v3.1.11a (3.1.11a)
)
Driver file for pgf: pgfsys-pdftex.def

(C:\Users\USUARIO\AppData\Local\Programs\MiKTeX\tex/generic/pgf/systemlayer\pgf
sys-pdftex.def
File: pgfsys-pdftex.def 2025-08-29 v3.1.11a (3.1.11a)

(C:\Users\USUARIO\AppData\Local\Programs\MiKTeX\tex/generic/pgf/systemlayer\pgf
sys-common-pdf.def
File: pgfsys-common-pdf.def 2025-08-29 v3.1.11a (3.1.11a)
)))
(C:\Users\USUARIO\AppData\Local\Programs\MiKTeX\tex/generic/pgf/systemlayer\pgf
syssoftpath.code.tex
File: pgfsyssoftpath.code.tex 2025-08-29 v3.1.11a (3.1.11a)
\pgfsyssoftpath@smallbuffer@items=\count292
\pgfsyssoftpath@bigbuffer@items=\count293
)
(C:\Users\USUARIO\AppData\Local\Programs\MiKTeX\tex/generic/pgf/systemlayer\pgf
sysprotocol.code.tex
File: pgfsysprotocol.code.tex 2025-08-29 v3.1.11a (3.1.11a)
))
(C:\Users\USUARIO\AppData\Local\Programs\MiKTeX\tex/latex/xcolor\xcolor.sty
Package: xcolor 2024/09/29 v3.02 LaTeX color extensions (UK)

(C:\Users\USUARIO\AppData\Local\Programs\MiKTeX\tex/latex/graphics-cfg\color.cf
g
File: color.cfg 2016/01/02 v1.6 sample color configuration
)
Package xcolor Info: Driver file: pdftex.def on input line 274.

(C:\Users\USUARIO\AppData\Local\Programs\MiKTeX\tex/latex/graphics\mathcolor.lt
x)
Package xcolor Info: Model `cmy' substituted by `cmy0' on input line 1349.
Package xcolor Info: Model `hsb' substituted by `rgb' on input line 1353.
Package xcolor Info: Model `RGB' extended on input line 1365.
Package xcolor Info: Model `HTML' substituted by `rgb' on input line 1367.
Package xcolor Info: Model `Hsb' substituted by `hsb' on input line 1368.
Package xcolor Info: Model `tHsb' substituted by `hsb' on input line 1369.
Package xcolor Info: Model `HSB' substituted by `hsb' on input line 1370.
Package xcolor Info: Model `Gray' substituted by `gray' on input line 1371.
Package xcolor Info: Model `wave' substituted by `hsb' on input line 1372.
)
(C:\Users\USUARIO\AppData\Local\Programs\MiKTeX\tex/generic/pgf/basiclayer\pgfc
ore.code.tex
Package: pgfcore 2025-08-29 v3.1.11a (3.1.11a)

(C:\Users\USUARIO\AppData\Local\Programs\MiKTeX\tex/generic/pgf/math\pgfmath.co
de.tex
(C:\Users\USUARIO\AppData\Local\Programs\MiKTeX\tex/generic/pgf/math\pgfmathuti
l.code.tex)
(C:\Users\USUARIO\AppData\Local\Programs\MiKTeX\tex/generic/pgf/math\pgfmathpar
ser.code.tex
\pgfmath@dimen=\dimen164
\pgfmath@count=\count294
\pgfmath@box=\box54
\pgfmath@toks=\toks28
\pgfmath@stack@operand=\toks29
\pgfmath@stack@operation=\toks30
)
(C:\Users\USUARIO\AppData\Local\Programs\MiKTeX\tex/generic/pgf/math\pgfmathfun
ctions.code.tex)
(C:\Users\USUARIO\AppData\Local\Programs\MiKTeX\tex/generic/pgf/math\pgfmathfun
ctions.basic.code.tex)
(C:\Users\USUARIO\AppData\Local\Programs\MiKTeX\tex/generic/pgf/math\pgfmathfun
ctions.trigonometric.code.tex)
(C:\Users\USUARIO\AppData\Local\Programs\MiKTeX\tex/generic/pgf/math\pgfmathfun
ctions.random.code.tex)
(C:\Users\USUARIO\AppData\Local\Programs\MiKTeX\tex/generic/pgf/math\pgfmathfun
ctions.comparison.code.tex)
(C:\Users\USUARIO\AppData\Local\Programs\MiKTeX\tex/generic/pgf/math\pgfmathfun
ctions.base.code.tex)
(C:\Users\USUARIO\AppData\Local\Programs\MiKTeX\tex/generic/pgf/math\pgfmathfun
ctions.round.code.tex)
(C:\Users\USUARIO\AppData\Local\Programs\MiKTeX\tex/generic/pgf/math\pgfmathfun
ctions.misc.code.tex)
(C:\Users\USUARIO\AppData\Local\Programs\MiKTeX\tex/generic/pgf/math\pgfmathfun
ctions.integerarithmetics.code.tex)
(C:\Users\USUARIO\AppData\Local\Programs\MiKTeX\tex/generic/pgf/math\pgfmathcal
c.code.tex)
(C:\Users\USUARIO\AppData\Local\Programs\MiKTeX\tex/generic/pgf/math\pgfmathflo
at.code.tex
\c@pgfmathroundto@lastzeros=\count295
))
(C:\Users\USUARIO\AppData\Local\Programs\MiKTeX\tex/generic/pgf/math\pgfint.cod
e.tex)
(C:\Users\USUARIO\AppData\Local\Programs\MiKTeX\tex/generic/pgf/basiclayer\pgfc
orepoints.code.tex
File: pgfcorepoints.code.tex 2025-08-29 v3.1.11a (3.1.11a)
\pgf@picminx=\dimen165
\pgf@picmaxx=\dimen166
\pgf@picminy=\dimen167
\pgf@picmaxy=\dimen168
\pgf@pathminx=\dimen169
\pgf@pathmaxx=\dimen170
\pgf@pathminy=\dimen171
\pgf@pathmaxy=\dimen172
\pgf@xx=\dimen173
\pgf@xy=\dimen174
\pgf@yx=\dimen175
\pgf@yy=\dimen176
\pgf@zx=\dimen177
\pgf@zy=\dimen178
)
(C:\Users\USUARIO\AppData\Local\Programs\MiKTeX\tex/generic/pgf/basiclayer\pgfc
orepathconstruct.code.tex
File: pgfcorepathconstruct.code.tex 2025-08-29 v3.1.11a (3.1.11a)
\pgf@path@lastx=\dimen179
\pgf@path@lasty=\dimen180
)
(C:\Users\USUARIO\AppData\Local\Programs\MiKTeX\tex/generic/pgf/basiclayer\pgfc
orepathusage.code.tex
File: pgfcorepathusage.code.tex 2025-08-29 v3.1.11a (3.1.11a)
\pgf@shorten@end@additional=\dimen181
\pgf@shorten@start@additional=\dimen182
)
(C:\Users\USUARIO\AppData\Local\Programs\MiKTeX\tex/generic/pgf/basiclayer\pgfc
orescopes.code.tex
File: pgfcorescopes.code.tex 2025-08-29 v3.1.11a (3.1.11a)
\pgfpic=\box55
\pgf@hbox=\box56
\pgf@layerbox@main=\box57
\pgf@picture@serial@count=\count296
)
(C:\Users\USUARIO\AppData\Local\Programs\MiKTeX\tex/generic/pgf/basiclayer\pgfc
oregraphicstate.code.tex
File: pgfcoregraphicstate.code.tex 2025-08-29 v3.1.11a (3.1.11a)
\pgflinewidth=\dimen183
)
(C:\Users\USUARIO\AppData\Local\Programs\MiKTeX\tex/generic/pgf/basiclayer\pgfc
oretransformations.code.tex
File: pgfcoretransformations.code.tex 2025-08-29 v3.1.11a (3.1.11a)
\pgf@pt@x=\dimen184
\pgf@pt@y=\dimen185
\pgf@pt@temp=\dimen186
)
(C:\Users\USUARIO\AppData\Local\Programs\MiKTeX\tex/generic/pgf/basiclayer\pgfc
orequick.code.tex
File: pgfcorequick.code.tex 2025-08-29 v3.1.11a (3.1.11a)
)
(C:\Users\USUARIO\AppData\Local\Programs\MiKTeX\tex/generic/pgf/basiclayer\pgfc
oreobjects.code.tex
File: pgfcoreobjects.code.tex 2025-08-29 v3.1.11a (3.1.11a)
)
(C:\Users\USUARIO\AppData\Local\Programs\MiKTeX\tex/generic/pgf/basiclayer\pgfc
orepathprocessing.code.tex
File: pgfcorepathprocessing.code.tex 2025-08-29 v3.1.11a (3.1.11a)
)
(C:\Users\USUARIO\AppData\Local\Programs\MiKTeX\tex/generic/pgf/basiclayer\pgfc
orearrows.code.tex
File: pgfcorearrows.code.tex 2025-08-29 v3.1.11a (3.1.11a)
\pgfarrowsep=\dimen187
)
(C:\Users\USUARIO\AppData\Local\Programs\MiKTeX\tex/generic/pgf/basiclayer\pgfc
oreshade.code.tex
File: pgfcoreshade.code.tex 2025-08-29 v3.1.11a (3.1.11a)
\pgf@max=\dimen188
\pgf@sys@shading@range@num=\count297
\pgf@shadingcount=\count298
)
(C:\Users\USUARIO\AppData\Local\Programs\MiKTeX\tex/generic/pgf/basiclayer\pgfc
oreimage.code.tex
File: pgfcoreimage.code.tex 2025-08-29 v3.1.11a (3.1.11a)
)
(C:\Users\USUARIO\AppData\Local\Programs\MiKTeX\tex/generic/pgf/basiclayer\pgfc
oreexternal.code.tex
File: pgfcoreexternal.code.tex 2025-08-29 v3.1.11a (3.1.11a)
\pgfexternal@startupbox=\box58
)
(C:\Users\USUARIO\AppData\Local\Programs\MiKTeX\tex/generic/pgf/basiclayer\pgfc
orelayers.code.tex
File: pgfcorelayers.code.tex 2025-08-29 v3.1.11a (3.1.11a)
)
(C:\Users\USUARIO\AppData\Local\Programs\MiKTeX\tex/generic/pgf/basiclayer\pgfc
oretransparency.code.tex
File: pgfcoretransparency.code.tex 2025-08-29 v3.1.11a (3.1.11a)
)
(C:\Users\USUARIO\AppData\Local\Programs\MiKTeX\tex/generic/pgf/basiclayer\pgfc
orepatterns.code.tex
File: pgfcorepatterns.code.tex 2025-08-29 v3.1.11a (3.1.11a)
)
(C:\Users\USUARIO\AppData\Local\Programs\MiKTeX\tex/generic/pgf/basiclayer\pgfc
orerdf.code.tex
File: pgfcorerdf.code.tex 2025-08-29 v3.1.11a (3.1.11a)
)))
(C:\Users\USUARIO\AppData\Local\Programs\MiKTeX\tex/generic/pgf/modules\pgfmodu
leshapes.code.tex
File: pgfmoduleshapes.code.tex 2025-08-29 v3.1.11a (3.1.11a)
\pgfnodeparttextbox=\box59
)
(C:\Users\USUARIO\AppData\Local\Programs\MiKTeX\tex/generic/pgf/modules\pgfmodu
leplot.code.tex
File: pgfmoduleplot.code.tex 2025-08-29 v3.1.11a (3.1.11a)
)
(C:\Users\USUARIO\AppData\Local\Programs\MiKTeX\tex/latex/pgf/compatibility\pgf
comp-version-0-65.sty
Package: pgfcomp-version-0-65 2025-08-29 v3.1.11a (3.1.11a)
\pgf@nodesepstart=\dimen189
\pgf@nodesepend=\dimen190
)
(C:\Users\USUARIO\AppData\Local\Programs\MiKTeX\tex/latex/pgf/compatibility\pgf
comp-version-1-18.sty
Package: pgfcomp-version-1-18 2025-08-29 v3.1.11a (3.1.11a)
))
(C:\Users\USUARIO\AppData\Local\Programs\MiKTeX\tex/latex/pgf/utilities\pgffor.
sty
(C:\Users\USUARIO\AppData\Local\Programs\MiKTeX\tex/latex/pgf/utilities\pgfkeys
.sty
(C:\Users\USUARIO\AppData\Local\Programs\MiKTeX\tex/generic/pgf/utilities\pgfke
ys.code.tex))
(C:\Users\USUARIO\AppData\Local\Programs\MiKTeX\tex/latex/pgf/math\pgfmath.sty
(C:\Users\USUARIO\AppData\Local\Programs\MiKTeX\tex/generic/pgf/math\pgfmath.co
de.tex))
(C:\Users\USUARIO\AppData\Local\Programs\MiKTeX\tex/generic/pgf/utilities\pgffo
r.code.tex
Package: pgffor 2025-08-29 v3.1.11a (3.1.11a)
\pgffor@iter=\dimen191
\pgffor@skip=\dimen192
\pgffor@stack=\toks31
\pgffor@toks=\toks32
))
(C:\Users\USUARIO\AppData\Local\Programs\MiKTeX\tex/generic/pgf/frontendlayer/t
ikz\tikz.code.tex
Package: tikz 2025-08-29 v3.1.11a (3.1.11a)

(C:\Users\USUARIO\AppData\Local\Programs\MiKTeX\tex/generic/pgf/libraries\pgfli
braryplothandlers.code.tex
File: pgflibraryplothandlers.code.tex 2025-08-29 v3.1.11a (3.1.11a)
\pgf@plot@mark@count=\count299
\pgfplotmarksize=\dimen193
)
\tikz@lastx=\dimen194
\tikz@lasty=\dimen195
\tikz@lastxsaved=\dimen196
\tikz@lastysaved=\dimen197
\tikz@lastmovetox=\dimen198
\tikz@lastmovetoy=\dimen199
\tikzleveldistance=\dimen256
\tikzsiblingdistance=\dimen257
\tikz@figbox=\box60
\tikz@figbox@bg=\box61
\tikz@tempbox=\box62
\tikz@tempbox@bg=\box63
\tikztreelevel=\count300
\tikznumberofchildren=\count301
\tikznumberofcurrentchild=\count302
\tikz@fig@count=\count303

(C:\Users\USUARIO\AppData\Local\Programs\MiKTeX\tex/generic/pgf/modules\pgfmodu
lematrix.code.tex
File: pgfmodulematrix.code.tex 2025-08-29 v3.1.11a (3.1.11a)
\pgfmatrixcurrentrow=\count304
\pgfmatrixcurrentcolumn=\count305
\pgf@matrix@numberofcolumns=\count306
)
\tikz@expandcount=\count307

(C:\Users\USUARIO\AppData\Local\Programs\MiKTeX\tex/generic/pgf/frontendlayer/t
ikz/libraries\tikzlibrarytopaths.code.tex
File: tikzlibrarytopaths.code.tex 2025-08-29 v3.1.11a (3.1.11a)
)))
(C:\Users\USUARIO\AppData\Local\Programs\MiKTeX\tex/generic/pgf/frontendlayer/t
ikz/libraries\tikzlibrarypositioning.code.tex
File: tikzlibrarypositioning.code.tex 2025-08-29 v3.1.11a (3.1.11a)
)
(C:\Users\USUARIO\AppData\Local\Programs\MiKTeX\tex/generic/pgf/frontendlayer/t
ikz/libraries\tikzlibraryshapes.geometric.code.tex
File: tikzlibraryshapes.geometric.code.tex 2025-08-29 v3.1.11a (3.1.11a)

(C:\Users\USUARIO\AppData\Local\Programs\MiKTeX\tex/generic/pgf/libraries/shape
s\pgflibraryshapes.geometric.code.tex
File: pgflibraryshapes.geometric.code.tex 2025-08-29 v3.1.11a (3.1.11a)
))
(C:\Users\USUARIO\AppData\Local\Programs\MiKTeX\tex/generic/pgf/libraries\pgfli
braryarrows.meta.code.tex
File: pgflibraryarrows.meta.code.tex 2025-08-29 v3.1.11a (3.1.11a)
\pgfarrowinset=\dimen258
\pgfarrowlength=\dimen259
\pgfarrowwidth=\dimen260
\pgfarrowlinewidth=\dimen261
)
(C:\Users\USUARIO\AppData\Local\Programs\MiKTeX\tex/latex/pgfplots\pgfplots.sty

(C:\Users\USUARIO\AppData\Local\Programs\MiKTeX\tex/generic/pgfplots\pgfplots.r
evision.tex)
Package: pgfplots 2021/05/15 v1.18.1 Data Visualization (1.18.1)

(C:\Users\USUARIO\AppData\Local\Programs\MiKTeX\tex/generic/pgfplots\pgfplots.c
ode.tex
(C:\Users\USUARIO\AppData\Local\Programs\MiKTeX\tex/generic/pgfplots\pgfplotsco
re.code.tex
\t@pgfplots@toka=\toks33
\t@pgfplots@tokb=\toks34
\t@pgfplots@tokc=\toks35
\pgfplots@tmpa=\dimen262
\c@pgfplots@coordindex=\count308
\c@pgfplots@scanlineindex=\count309

(C:\Users\USUARIO\AppData\Local\Programs\MiKTeX\tex/generic/pgfplots/sys\pgfplo
tssysgeneric.code.tex))
(C:\Users\USUARIO\AppData\Local\Programs\MiKTeX\tex/generic/pgfplots/libs\pgfpl
otslibrary.code.tex)
(C:\Users\USUARIO\AppData\Local\Programs\MiKTeX\tex/generic/pgfplots/oldpgfcomp
atib\pgfplotsoldpgfsupp_loader.code.tex
(C:\Users\USUARIO\AppData\Local\Programs\MiKTeX\tex/generic/pgf/libraries\pgfli
braryfpu.code.tex)
Package pgfplots: loading complementary utilities for your pgf version...
\t@pgf@toka=\toks36
\t@pgf@tokb=\toks37
\t@pgf@tokc=\toks38

(C:\Users\USUARIO\AppData\Local\Programs\MiKTeX\tex/generic/pgfplots/oldpgfcomp
atib\pgfplotsoldpgfsupp_pgfutil-common-lists.tex))
(C:\Users\USUARIO\AppData\Local\Programs\MiKTeX\tex/generic/pgfplots/util\pgfpl
otsutil.code.tex
(C:\Users\USUARIO\AppData\Local\Programs\MiKTeX\tex/generic/pgfplots/liststruct
ure\pgfplotsliststructure.code.tex)
(C:\Users\USUARIO\AppData\Local\Programs\MiKTeX\tex/generic/pgfplots/liststruct
ure\pgfplotsliststructureext.code.tex)
(C:\Users\USUARIO\AppData\Local\Programs\MiKTeX\tex/generic/pgfplots/liststruct
ure\pgfplotsarray.code.tex
\c@pgfplotsarray@tmp=\count310
)
(C:\Users\USUARIO\AppData\Local\Programs\MiKTeX\tex/generic/pgfplots/liststruct
ure\pgfplotsmatrix.code.tex)
(C:\Users\USUARIO\AppData\Local\Programs\MiKTeX\tex/generic/pgfplots/numtable\p
gfplotstableshared.code.tex
\c@pgfplotstable@counta=\count311
\t@pgfplotstable@a=\toks39
)
(C:\Users\USUARIO\AppData\Local\Programs\MiKTeX\tex/generic/pgfplots/liststruct
ure\pgfplotsdeque.code.tex)
(C:\Users\USUARIO\AppData\Local\Programs\MiKTeX\tex/generic/pgfplots/util\pgfpl
otsbinary.code.tex
(C:\Users\USUARIO\AppData\Local\Programs\MiKTeX\tex/generic/pgfplots/util\pgfpl
otsbinary.data.code.tex))
(C:\Users\USUARIO\AppData\Local\Programs\MiKTeX\tex/generic/pgfplots/util\pgfpl
otsutil.verb.code.tex)
(C:\Users\USUARIO\AppData\Local\Programs\MiKTeX\tex/generic/pgfplots/libs\pgfli
brarypgfplots.surfshading.code.tex
\c@pgfplotslibrarysurf@no=\count312

(C:\Users\USUARIO\AppData\Local\Programs\MiKTeX\tex/generic/pgfplots/sys\pgflib
rarypgfplots.surfshading.pgfsys-pdftex.def)))
(C:\Users\USUARIO\AppData\Local\Programs\MiKTeX\tex/generic/pgfplots/util\pgfpl
otscolormap.code.tex
(C:\Users\USUARIO\AppData\Local\Programs\MiKTeX\tex/generic/pgfplots/util\pgfpl
otscolor.code.tex))
(C:\Users\USUARIO\AppData\Local\Programs\MiKTeX\tex/generic/pgfplots\pgfplotsst
ackedplots.code.tex)
(C:\Users\USUARIO\AppData\Local\Programs\MiKTeX\tex/generic/pgfplots\pgfplotspl
othandlers.code.tex
(C:\Users\USUARIO\AppData\Local\Programs\MiKTeX\tex/generic/pgfplots\pgfplotsme
shplothandler.code.tex
(C:\Users\USUARIO\AppData\Local\Programs\MiKTeX\tex/generic/pgfplots\pgfplotsme
shplotimage.code.tex)))
(C:\Users\USUARIO\AppData\Local\Programs\MiKTeX\tex/generic/pgfplots\pgfplots.s
caling.code.tex)
(C:\Users\USUARIO\AppData\Local\Programs\MiKTeX\tex/generic/pgfplots\pgfplotsco
ordprocessing.code.tex)
(C:\Users\USUARIO\AppData\Local\Programs\MiKTeX\tex/generic/pgfplots\pgfplots.e
rrorbars.code.tex)
(C:\Users\USUARIO\AppData\Local\Programs\MiKTeX\tex/generic/pgfplots\pgfplots.m
arkers.code.tex)
(C:\Users\USUARIO\AppData\Local\Programs\MiKTeX\tex/generic/pgfplots\pgfplotsti
cks.code.tex)
(C:\Users\USUARIO\AppData\Local\Programs\MiKTeX\tex/generic/pgfplots\pgfplots.p
aths.code.tex)
(C:\Users\USUARIO\AppData\Local\Programs\MiKTeX\tex/generic/pgf/frontendlayer/t
ikz/libraries\tikzlibrarydecorations.code.tex
(C:\Users\USUARIO\AppData\Local\Programs\MiKTeX\tex/generic/pgf/modules\pgfmodu
ledecorations.code.tex
\pgfdecoratedcompleteddistance=\dimen263
\pgfdecoratedremainingdistance=\dimen264
\pgfdecoratedinputsegmentcompleteddistance=\dimen265
\pgfdecoratedinputsegmentremainingdistance=\dimen266
\pgf@decorate@distancetomove=\dimen267
\pgf@decorate@repeatstate=\count313
\pgfdecorationsegmentamplitude=\dimen268
\pgfdecorationsegmentlength=\dimen269
)
\tikz@lib@dec@box=\box64
)
(C:\Users\USUARIO\AppData\Local\Programs\MiKTeX\tex/generic/pgf/frontendlayer/t
ikz/libraries\tikzlibrarydecorations.pathmorphing.code.tex
(C:\Users\USUARIO\AppData\Local\Programs\MiKTeX\tex/generic/pgf/libraries/decor
ations\pgflibrarydecorations.pathmorphing.code.tex))
(C:\Users\USUARIO\AppData\Local\Programs\MiKTeX\tex/generic/pgf/frontendlayer/t
ikz/libraries\tikzlibrarydecorations.pathreplacing.code.tex
(C:\Users\USUARIO\AppData\Local\Programs\MiKTeX\tex/generic/pgf/libraries/decor
ations\pgflibrarydecorations.pathreplacing.code.tex))
(C:\Users\USUARIO\AppData\Local\Programs\MiKTeX\tex/generic/pgfplots/libs\tikzl
ibrarypgfplots.contourlua.code.tex)
\pgfplots@numplots=\count314
\pgfplots@xmin@reg=\dimen270
\pgfplots@xmax@reg=\dimen271
\pgfplots@ymin@reg=\dimen272
\pgfplots@ymax@reg=\dimen273
\pgfplots@zmin@reg=\dimen274
\pgfplots@zmax@reg=\dimen275
)
(C:\Users\USUARIO\AppData\Local\Programs\MiKTeX\tex/generic/pgf/frontendlayer/t
ikz/libraries\tikzlibraryplotmarks.code.tex
File: tikzlibraryplotmarks.code.tex 2025-08-29 v3.1.11a (3.1.11a)

(C:\Users\USUARIO\AppData\Local\Programs\MiKTeX\tex/generic/pgf/libraries\pgfli
braryplotmarks.code.tex
File: pgflibraryplotmarks.code.tex 2025-08-29 v3.1.11a (3.1.11a)
)))
(C:\Users\USUARIO\AppData\Local\Programs\MiKTeX\tex/latex/amsfonts\amsfonts.sty
Package: amsfonts 2013/01/14 v3.01 Basic AMSFonts support
\@emptytoks=\toks40
\symAMSa=\mathgroup4
\symAMSb=\mathgroup5
LaTeX Font Info:    Redeclaring math symbol \hbar on input line 98.
LaTeX Font Info:    Overwriting math alphabet `\mathfrak' in version `bold'
(Font)                  U/euf/m/n --> U/euf/b/n on input line 106.
) (C:\Users\USUARIO\AppData\Local\Programs\MiKTeX\tex/latex/amsmath\amsgen.sty
File: amsgen.sty 1999/11/30 v2.0 generic functions
\@emptytoks=\toks41
\ex@=\dimen276
) (C:\Users\USUARIO\AppData\Local\Programs\MiKTeX\tex/latex/amsmath\amsmath.sty
Package: amsmath 2025/07/09 v2.17z AMS math features
\@mathmargin=\skip51

For additional information on amsmath, use the `?' option.
(C:\Users\USUARIO\AppData\Local\Programs\MiKTeX\tex/latex/amsmath\amstext.sty
Package: amstext 2024/11/17 v2.01 AMS text
)
(C:\Users\USUARIO\AppData\Local\Programs\MiKTeX\tex/latex/amsmath\amsbsy.sty
Package: amsbsy 1999/11/29 v1.2d Bold Symbols
\pmbraise@=\dimen277
)
(C:\Users\USUARIO\AppData\Local\Programs\MiKTeX\tex/latex/amsmath\amsopn.sty
Package: amsopn 2022/04/08 v2.04 operator names
)
\inf@bad=\count315
LaTeX Info: Redefining \frac on input line 233.
\uproot@=\count316
\leftroot@=\count317
LaTeX Info: Redefining \overline on input line 398.
LaTeX Info: Redefining \colon on input line 409.
\classnum@=\count318
\DOTSCASE@=\count319
LaTeX Info: Redefining \ldots on input line 495.
LaTeX Info: Redefining \dots on input line 498.
LaTeX Info: Redefining \cdots on input line 619.
\Mathstrutbox@=\box65
\strutbox@=\box66
LaTeX Info: Redefining \big on input line 721.
LaTeX Info: Redefining \Big on input line 722.
LaTeX Info: Redefining \bigg on input line 723.
LaTeX Info: Redefining \Bigg on input line 724.
\big@size=\dimen278
LaTeX Font Info:    Redeclaring font encoding OML on input line 742.
LaTeX Font Info:    Redeclaring font encoding OMS on input line 743.
\macc@depth=\count320
LaTeX Info: Redefining \bmod on input line 904.
LaTeX Info: Redefining \pmod on input line 909.
LaTeX Info: Redefining \smash on input line 939.
LaTeX Info: Redefining \relbar on input line 969.
LaTeX Info: Redefining \Relbar on input line 970.
\c@MaxMatrixCols=\count321
\dotsspace@=\muskip17
\c@parentequation=\count322
\dspbrk@lvl=\count323
\tag@help=\toks42
\row@=\count324
\column@=\count325
\maxfields@=\count326
\andhelp@=\toks43
\eqnshift@=\dimen279
\alignsep@=\dimen280
\tagshift@=\dimen281
\tagwidth@=\dimen282
\totwidth@=\dimen283
\lineht@=\dimen284
\@envbody=\toks44
\multlinegap=\skip52
\multlinetaggap=\skip53
\mathdisplay@stack=\toks45
LaTeX Info: Redefining \[ on input line 2950.
LaTeX Info: Redefining \] on input line 2951.
)
(C:\Users\USUARIO\AppData\Local\Programs\MiKTeX\tex/latex/amsfonts\amssymb.sty
Package: amssymb 2013/01/14 v3.01 AMS font symbols
) (C:\Users\USUARIO\AppData\Local\Programs\MiKTeX\tex/latex/tools\bm.sty
Package: bm 2025/10/21 v1.2g Bold Symbol Support (DPC/FMi)
\symboldoperators=\mathgroup6
\symboldletters=\mathgroup7
\symboldsymbols=\mathgroup8
Package bm Info: No bold for \OMX/cmex/m/n, using \pmb.
Package bm Info: No bold for \U/msa/m/n, using \pmb.
Package bm Info: No bold for \U/msb/m/n, using \pmb.
LaTeX Font Info:    Redeclaring math alphabet \mathbf on input line 149.
)
(C:\Users\USUARIO\AppData\Local\Programs\MiKTeX\tex/latex/multirow\multirow.sty
Package: multirow 2024/11/12 v2.9 Span multiple rows of a table
\multirow@colwidth=\skip54
\multirow@cntb=\count327
\multirow@dima=\skip55
\bigstrutjot=\dimen285
)
(C:\Users\USUARIO\AppData\Local\Programs\MiKTeX\tex/latex/geometry\geometry.sty
Package: geometry 2020/01/02 v5.9 Page Geometry
(C:\Users\USUARIO\AppData\Local\Programs\MiKTeX\tex/generic/iftex\ifvtex.sty
Package: ifvtex 2019/10/25 v1.7 ifvtex legacy package. Use iftex instead.

(C:\Users\USUARIO\AppData\Local\Programs\MiKTeX\tex/generic/iftex\iftex.sty
Package: iftex 2024/12/12 v1.0g TeX engine tests
))
\Gm@cnth=\count328
\Gm@cntv=\count329
\c@Gm@tempcnt=\count330
\Gm@bindingoffset=\dimen286
\Gm@wd@mp=\dimen287
\Gm@odd@mp=\dimen288
\Gm@even@mp=\dimen289
\Gm@layoutwidth=\dimen290
\Gm@layoutheight=\dimen291
\Gm@layouthoffset=\dimen292
\Gm@layoutvoffset=\dimen293
\Gm@dimlist=\toks46

(C:\Users\USUARIO\AppData\Local\Programs\MiKTeX\tex/latex/geometry\geometry.cfg
))
(C:\Users\USUARIO\AppData\Local\Programs\MiKTeX\tex/latex/tools\afterpage.sty
Package: afterpage 2023/07/04 v1.08 After-Page Package (DPC)
\AP@output=\toks47
\AP@partial=\box67
\AP@footins=\box68
)
(C:\Users\USUARIO\AppData\Local\Programs\MiKTeX\tex/latex/colortbl\colortbl.sty
Package: colortbl 2024/10/29 v1.0k Color table columns (DPC)
(C:\Users\USUARIO\AppData\Local\Programs\MiKTeX\tex/latex/tools\array.sty
Package: array 2025/09/25 v2.6n Tabular extension package (FMi)
\col@sep=\dimen294
\ar@mcellbox=\box69
\extrarowheight=\dimen295
\NC@list=\toks48
\extratabsurround=\skip56
\backup@length=\skip57
\ar@cellbox=\box70
)
\everycr=\toks49
\minrowclearance=\skip58
\rownum=\count331
)
(C:\Users\USUARIO\AppData\Local\Programs\MiKTeX\tex/latex/tools\longtable.sty
Package: longtable 2025-10-13 v4.24 Multi-page Table package (DPC)
\LTleft=\skip59
\LTright=\skip60
\LTpre=\skip61
\LTpost=\skip62
\LTchunksize=\count332
\LTcapwidth=\dimen296
\LT@head=\box71
\LT@firsthead=\box72
\LT@foot=\box73
\LT@lastfoot=\box74
\LT@gbox=\box75
\LT@cols=\count333
\LT@rows=\count334
\c@LT@tables=\count335
\c@LT@chunks=\count336
\LT@p@ftn=\toks50
)
(C:\Users\USUARIO\AppData\Local\Programs\MiKTeX\tex/latex/hyperref\hyperref.sty
Package: hyperref 2025-07-12 v7.01o Hypertext links for LaTeX

(C:\Users\USUARIO\AppData\Local\Programs\MiKTeX\tex/latex/kvsetkeys\kvsetkeys.s
ty
Package: kvsetkeys 2022-10-05 v1.19 Key value parser (HO)
)
(C:\Users\USUARIO\AppData\Local\Programs\MiKTeX\tex/generic/kvdefinekeys\kvdefi
nekeys.sty
Package: kvdefinekeys 2019-12-19 v1.6 Define keys (HO)
)
(C:\Users\USUARIO\AppData\Local\Programs\MiKTeX\tex/generic/pdfescape\pdfescape
.sty
Package: pdfescape 2019/12/09 v1.15 Implements pdfTeX's escape features (HO)

(C:\Users\USUARIO\AppData\Local\Programs\MiKTeX\tex/generic/ltxcmds\ltxcmds.sty
Package: ltxcmds 2023-12-04 v1.26 LaTeX kernel commands for general use (HO)
)
(C:\Users\USUARIO\AppData\Local\Programs\MiKTeX\tex/generic/pdftexcmds\pdftexcm
ds.sty
Package: pdftexcmds 2020-06-27 v0.33 Utility functions of pdfTeX for LuaTeX (HO
)

(C:\Users\USUARIO\AppData\Local\Programs\MiKTeX\tex/generic/infwarerr\infwarerr
.sty
Package: infwarerr 2019/12/03 v1.5 Providing info/warning/error messages (HO)
)
Package pdftexcmds Info: \pdf@primitive is available.
Package pdftexcmds Info: \pdf@ifprimitive is available.
Package pdftexcmds Info: \pdfdraftmode found.
))
(C:\Users\USUARIO\AppData\Local\Programs\MiKTeX\tex/latex/hycolor\hycolor.sty
Package: hycolor 2020-01-27 v1.10 Color options for hyperref/bookmark (HO)
)
(C:\Users\USUARIO\AppData\Local\Programs\MiKTeX\tex/latex/hyperref\nameref.sty
Package: nameref 2025-06-21 v2.57 Cross-referencing by name of section

(C:\Users\USUARIO\AppData\Local\Programs\MiKTeX\tex/latex/refcount\refcount.sty
Package: refcount 2019/12/15 v3.6 Data extraction from label references (HO)
)
(C:\Users\USUARIO\AppData\Local\Programs\MiKTeX\tex/generic/gettitlestring\gett
itlestring.sty
Package: gettitlestring 2019/12/15 v1.6 Cleanup title references (HO)

(C:\Users\USUARIO\AppData\Local\Programs\MiKTeX\tex/latex/kvoptions\kvoptions.s
ty
Package: kvoptions 2022-06-15 v3.15 Key value format for package options (HO)
))
\c@section@level=\count337
)
(C:\Users\USUARIO\AppData\Local\Programs\MiKTeX\tex/latex/etoolbox\etoolbox.sty
Package: etoolbox 2025/10/02 v2.5m e-TeX tools for LaTeX (JAW)
\etb@tempcnta=\count338
)
(C:\Users\USUARIO\AppData\Local\Programs\MiKTeX\tex/generic/stringenc\stringenc
.sty
Package: stringenc 2019/11/29 v1.12 Convert strings between diff. encodings (HO
)
)
\@linkdim=\dimen297
\Hy@linkcounter=\count339
\Hy@pagecounter=\count340

(C:\Users\USUARIO\AppData\Local\Programs\MiKTeX\tex/latex/hyperref\pd1enc.def
File: pd1enc.def 2025-07-12 v7.01o Hyperref: PDFDocEncoding definition (HO)
Now handling font encoding PD1 ...
... no UTF-8 mapping file for font encoding PD1
)
(C:\Users\USUARIO\AppData\Local\Programs\MiKTeX\tex/generic/intcalc\intcalc.sty
Package: intcalc 2019/12/15 v1.3 Expandable calculations with integers (HO)
)
\Hy@SavedSpaceFactor=\count341
 (C:\Users\USUARIO\AppData\Local\Programs\MiKTeX\tex/latex/hyperref\puenc.def
File: puenc.def 2025-07-12 v7.01o Hyperref: PDF Unicode definition (HO)
Now handling font encoding PU ...
... no UTF-8 mapping file for font encoding PU
)
Package hyperref Info: Hyper figures OFF on input line 4195.
Package hyperref Info: Link nesting OFF on input line 4200.
Package hyperref Info: Hyper index ON on input line 4203.
Package hyperref Info: Plain pages OFF on input line 4210.
Package hyperref Info: Backreferencing OFF on input line 4215.
Package hyperref Info: Implicit mode ON; LaTeX internals redefined.
Package hyperref Info: Bookmarks ON on input line 4462.
\c@Hy@tempcnt=\count342
(C:\Users\USUARIO\AppData\Local\Programs\MiKTeX\tex/latex/url\url.sty
\Urlmuskip=\muskip18
Package: url 2013/09/16  ver 3.4  Verb mode for urls, etc.
)
LaTeX Info: Redefining \url on input line 4801.
\XeTeXLinkMargin=\dimen298

(C:\Users\USUARIO\AppData\Local\Programs\MiKTeX\tex/generic/bitset\bitset.sty
Package: bitset 2019/12/09 v1.3 Handle bit-vector datatype (HO)

(C:\Users\USUARIO\AppData\Local\Programs\MiKTeX\tex/generic/bigintcalc\bigintca
lc.sty
Package: bigintcalc 2019/12/15 v1.5 Expandable calculations on big integers (HO
)
))
\Fld@menulength=\count343
\Field@Width=\dimen299
\Fld@charsize=\dimen300
Package hyperref Info: Hyper figures OFF on input line 6078.
Package hyperref Info: Link nesting OFF on input line 6083.
Package hyperref Info: Hyper index ON on input line 6086.
Package hyperref Info: backreferencing OFF on input line 6093.
Package hyperref Info: Link coloring OFF on input line 6098.
Package hyperref Info: Link coloring with OCG OFF on input line 6103.
Package hyperref Info: PDF/A mode OFF on input line 6108.
\Hy@abspage=\count344
\c@Item=\count345
\c@Hfootnote=\count346
)
Package hyperref Info: Driver (autodetected): hpdftex.

(C:\Users\USUARIO\AppData\Local\Programs\MiKTeX\tex/latex/hyperref\hpdftex.def
File: hpdftex.def 2025-07-12 v7.01o Hyperref driver for pdfTeX
\Fld@listcount=\count347
\c@bookmark@seq@number=\count348

(C:\Users\USUARIO\AppData\Local\Programs\MiKTeX\tex/latex/rerunfilecheck\rerunf
ilecheck.sty
Package: rerunfilecheck 2025-06-21 v1.11 Rerun checks for auxiliary files (HO)

(C:\Users\USUARIO\AppData\Local\Programs\MiKTeX\tex/generic/uniquecounter\uniqu
ecounter.sty
Package: uniquecounter 2019/12/15 v1.4 Provide unlimited unique counter (HO)
)
Package uniquecounter Info: New unique counter `rerunfilecheck' on input line 2
84.
)
\Hy@SectionHShift=\skip63
)
(C:\Users\USUARIO\AppData\Local\Programs\MiKTeX\tex/latex/pdfpages\pdfpages.sty
Package: pdfpages 2025/07/23 v0.6g Insert pages of external PDF documents (AM)
(C:\Users\USUARIO\AppData\Local\Programs\MiKTeX\tex/latex/base\ifthen.sty
Package: ifthen 2024/03/16 v1.1e Standard LaTeX ifthen package (DPC)
)
(C:\Users\USUARIO\AppData\Local\Programs\MiKTeX\tex/latex/tools\calc.sty
Package: calc 2025/03/01 v4.3b Infix arithmetic (KKT,FJ)
\calc@Acount=\count349
\calc@Bcount=\count350
\calc@Adimen=\dimen301
\calc@Bdimen=\dimen302
\calc@Askip=\skip64
\calc@Bskip=\skip65
LaTeX Info: Redefining \setlength on input line 86.
LaTeX Info: Redefining \addtolength on input line 87.
\calc@Ccount=\count351
\calc@Cskip=\skip66
)
(C:\Users\USUARIO\AppData\Local\Programs\MiKTeX\tex/latex/eso-pic\eso-pic.sty
Package: eso-pic 2023/05/03 v3.0c eso-pic (RN)
\ESO@tempdima=\dimen303
\ESO@tempdimb=\dimen304
)
\AM@pagewidth=\dimen305
\AM@pageheight=\dimen306
\AM@fboxrule=\dimen307

(C:\Users\USUARIO\AppData\Local\Programs\MiKTeX\tex/latex/pdfpages\pppdftex.def
File: pppdftex.def 2025/07/23 v0.6g Pdfpages driver for pdfTeX (AM)
)
\pdfpages@includegraphics@status=\count352
\AM@pagebox=\box76
\AM@global@opts=\toks51
\AM@pagecnt=\count353
\AM@toc@title=\toks52
\AM@lof@heading=\toks53
\c@AM@survey=\count354
\AM@templatesizebox=\box77
)
(C:\Users\USUARIO\AppData\Local\Programs\MiKTeX\tex/latex/footmisc\footmisc.sty
Package: footmisc 2025/05/09 v7.0b a miscellany of footnote facilities
\FN@temptoken=\toks54
\footnotemargin=\dimen308
Package footmisc Info: Declaring symbol style bringhurst on input line 549.
Package footmisc Info: Declaring symbol style chicago on input line 557.
Package footmisc Info: Declaring symbol style wiley on input line 566.
Package footmisc Info: Declaring symbol style lamport-robust on input line 577.

Package footmisc Info: Declaring symbol style lamport* on input line 597.
Package footmisc Info: Declaring symbol style lamport*-robust on input line 618
.
) (C:\Users\USUARIO\AppData\Local\Programs\MiKTeX\tex/latex/parskip\parskip.sty
Package: parskip 2021-03-14 v2.0h non-zero parskip adjustments
) (C:\Users\USUARIO\AppData\Local\Programs\MiKTeX\tex/latex/float\float.sty
Package: float 2001/11/08 v1.3d Float enhancements (AL)
\c@float@type=\count355
\float@exts=\toks55
\float@box=\box78
\@float@everytoks=\toks56
\@floatcapt=\box79
)
(C:\Users\USUARIO\AppData\Local\Programs\MiKTeX\tex/latex/fancyhdr\fancyhdr.sty
Package: fancyhdr 2025/02/07 v5.2 Extensive control of page headers and footers

\f@nch@headwidth=\skip67
\f@nch@offset@elh=\skip68
\f@nch@offset@erh=\skip69
\f@nch@offset@olh=\skip70
\f@nch@offset@orh=\skip71
\f@nch@offset@elf=\skip72
\f@nch@offset@erf=\skip73
\f@nch@offset@olf=\skip74
\f@nch@offset@orf=\skip75
\f@nch@height=\skip76
\f@nch@footalignment=\skip77
\f@nch@widthL=\skip78
\f@nch@widthC=\skip79
\f@nch@widthR=\skip80
\@temptokenb=\toks57
)
(C:\Users\USUARIO\AppData\Local\Programs\MiKTeX\tex/latex/appendix\appendix.sty
Package: appendix 2020/02/08 v1.2c extra appendix facilities
\c@@pps=\count356
\c@@ppsavesec=\count357
\c@@ppsaveapp=\count358
) (C:\Users\USUARIO\AppData\Local\Programs\MiKTeX\tex/latex/tools\dcolumn.sty
Package: dcolumn 2025/10/21 v1.06 decimal alignment package (DPC)
)
(C:\Users\USUARIO\AppData\Local\Programs\MiKTeX\tex/latex/tools\tabularx.sty
Package: tabularx 2023/12/11 v2.12a `tabularx' package (DPC)
\TX@col@width=\dimen309
\TX@old@table=\dimen310
\TX@old@col=\dimen311
\TX@target=\dimen312
\TX@delta=\dimen313
\TX@cols=\count359
\TX@ftn=\toks58
)
(C:\Users\USUARIO\AppData\Local\Programs\MiKTeX\tex/latex/listings\listings.sty
\lst@mode=\count360
\lst@gtempboxa=\box80
\lst@token=\toks59
\lst@length=\count361
\lst@currlwidth=\dimen314
\lst@column=\count362
\lst@pos=\count363
\lst@lostspace=\dimen315
\lst@width=\dimen316
\lst@newlines=\count364
\lst@lineno=\count365
\lst@maxwidth=\dimen317

(C:\Users\USUARIO\AppData\Local\Programs\MiKTeX\tex/latex/listings\lstpatch.sty
File: lstpatch.sty 2025/11/14 1.11b (Carsten Heinz)
)
(C:\Users\USUARIO\AppData\Local\Programs\MiKTeX\tex/latex/listings\lstmisc.sty
File: lstmisc.sty 2025/11/14 1.11b (Carsten Heinz)
\c@lstnumber=\count366
\lst@skipnumbers=\count367
\lst@framebox=\box81
)
(C:\Users\USUARIO\AppData\Local\Programs\MiKTeX\tex/latex/listings\listings.cfg
File: listings.cfg 2025/11/14 1.11b listings configuration
))
Package: listings 2025/11/14 1.11b (Carsten Heinz)

==> First Aid for listings.sty no longer applied!
    Expected:
        2024/09/23 1.10c (Carsten Heinz)
    but found:
        2025/11/14 1.11b (Carsten Heinz)
    so I'm assuming it got fixed.
) (secciones/00_DatosTFM.tex)
LaTeX Font Info:    Trying to load font information for T1+pbk on input line 28
.

(C:\Users\USUARIO\AppData\Local\Programs\MiKTeX\tex/latex/psnfss\t1pbk.fd
File: t1pbk.fd 2001/06/04 font definitions for T1/pbk.
)
LaTeX Font Info:    Font shape `T1/pbk/m/n' in size <10.95> not available
(Font)              Font shape `T1/pbk/l/n' tried instead on input line 28.

(C:\Users\USUARIO\AppData\Local\Programs\MiKTeX\tex/latex/l3backend\l3backend-p
dftex.def
File: l3backend-pdftex.def 2025-10-09 L3 backend support: PDF output (pdfTeX)
\l__color_backend_stack_int=\count368
) (plantilla_TFM.aux
LaTeX Info: Redefining \. on input line 11.
LaTeX Info: Redefining \% on input line 11.
Package babel Info: 'spanish' activates 'spanish' shorthands.
(babel)             Reported on input line 11.
)
\openout1 = `plantilla_TFM.aux'.

LaTeX Font Info:    Checking defaults for OML/cmm/m/it on input line 28.
LaTeX Font Info:    ... okay on input line 28.
LaTeX Font Info:    Checking defaults for OMS/cmsy/m/n on input line 28.
LaTeX Font Info:    ... okay on input line 28.
LaTeX Font Info:    Checking defaults for OT1/cmr/m/n on input line 28.
LaTeX Font Info:    ... okay on input line 28.
LaTeX Font Info:    Checking defaults for T1/cmr/m/n on input line 28.
LaTeX Font Info:    ... okay on input line 28.
LaTeX Font Info:    Checking defaults for TS1/cmr/m/n on input line 28.
LaTeX Font Info:    ... okay on input line 28.
LaTeX Font Info:    Checking defaults for OMX/cmex/m/n on input line 28.
LaTeX Font Info:    ... okay on input line 28.
LaTeX Font Info:    Checking defaults for U/cmr/m/n on input line 28.
LaTeX Font Info:    ... okay on input line 28.
LaTeX Font Info:    Checking defaults for PD1/pdf/m/n on input line 28.
LaTeX Font Info:    ... okay on input line 28.
LaTeX Font Info:    Checking defaults for PU/pdf/m/n on input line 28.
LaTeX Font Info:    ... okay on input line 28.
LaTeX Info: Redefining \. on input line 28.
LaTeX Info: Redefining \% on input line 28.

(C:\Users\USUARIO\AppData\Local\Programs\MiKTeX\tex/context/base/mkii\supp-pdf.
mkii
[Loading MPS to PDF converter (version 2006.09.02).]
\scratchcounter=\count369
\scratchdimen=\dimen318
\scratchbox=\box82
\nofMPsegments=\count370
\nofMParguments=\count371
\everyMPshowfont=\toks60
\MPscratchCnt=\count372
\MPscratchDim=\dimen319
\MPnumerator=\count373
\makeMPintoPDFobject=\count374
\everyMPtoPDFconversion=\toks61
)
(C:\Users\USUARIO\AppData\Local\Programs\MiKTeX\tex/latex/epstopdf-pkg\epstopdf
-base.sty
Package: epstopdf-base 2020-01-24 v2.11 Base part for package epstopdf
Package epstopdf-base Info: Redefining graphics rule for `.eps' on input line 4
85.

(C:\Users\USUARIO\AppData\Local\Programs\MiKTeX\tex/latex/00miktex\epstopdf-sys
.cfg
File: epstopdf-sys.cfg 2021/03/18 v2.0 Configuration of epstopdf for MiKTeX
))
Package pgfplots notification 'compat/show suggested version=true': document ha
s been generated with the most recent feature set (\pgfplotsset{compat=1.18}).

*geometry* driver: auto-detecting
*geometry* detected driver: pdftex
*geometry* verbose mode - [ preamble ] result:
* driver: pdftex
* paper: a4paper
* layout: <same size as paper>
* layoutoffset:(h,v)=(0.0pt,0.0pt)
* modes: twoside 
* h-part:(L,W,R)=(72.2698pt, 452.96826pt, 72.2698pt)
* v-part:(T,H,B)=(85.35826pt, 674.33032pt, 85.35826pt)
* \paperwidth=597.50787pt
* \paperheight=845.04684pt
* \textwidth=452.96826pt
* \textheight=674.33032pt
* \oddsidemargin=-0.00018pt
* \evensidemargin=-0.00018pt
* \topmargin=-18.78552pt
* \headheight=18.0pt
* \headsep=19.8738pt
* \topskip=11.0pt
* \footskip=27.46295pt
* \marginparwidth=106.0pt
* \marginparsep=7.0pt
* \columnsep=10.0pt
* \skip\footins=10.0pt plus 4.0pt minus 2.0pt
* \hoffset=0.0pt
* \voffset=0.0pt
* \mag=1000
* \@twocolumnfalse
* \@twosidetrue
* \@mparswitchtrue
* \@reversemarginfalse
* (1in=72.27pt=25.4mm, 1cm=28.453pt)

Package hyperref Info: Link coloring OFF on input line 28.
(plantilla_TFM.out) (plantilla_TFM.out)
\@outlinefile=\write4
\openout4 = `plantilla_TFM.out'.


(C:\Users\USUARIO\AppData\Local\Programs\MiKTeX\tex/latex/pdflscape\pdflscape.s
ty
Package: pdflscape 2022-10-27 v0.13 Display of landscape pages in PDF

(C:\Users\USUARIO\AppData\Local\Programs\MiKTeX\tex/latex/pdflscape\pdflscape-n
ometadata.sty
Package: pdflscape-nometadata 2022-10-28 v0.13 Display of landscape pages in PD
F (HO)

(C:\Users\USUARIO\AppData\Local\Programs\MiKTeX\tex/latex/graphics\lscape.sty
Package: lscape 2020/05/28 v3.02 Landscape Pages (DPC)
)
Package pdflscape Info: Auto-detected driver: pdftex on input line 81.
))
\c@lstlisting=\count375
 (include/Portada.tex
<include/logo-upv.png, id=570, 136.8312pt x 158.2713pt>
File: include/logo-upv.png Graphic file (type png)
<use include/logo-upv.png>
Package pdftex.def Info: include/logo-upv.png  used on input line 12.
(pdftex.def)             Requested size: 102.62314pt x 118.70317pt.

Underfull \hbox (badness 1454) in paragraph at lines 10--13
[]|  []
 []


Underfull \hbox (badness 10000) in paragraph at lines 10--13

 []

LaTeX Font Info:    Trying to load font information for U+msa on input line 13.

(C:\Users\USUARIO\AppData\Local\Programs\MiKTeX\tex/latex/amsfonts\umsa.fd
File: umsa.fd 2013/01/14 v3.01 AMS symbols A
)
LaTeX Font Info:    Trying to load font information for U+msb on input line 13.


(C:\Users\USUARIO\AppData\Local\Programs\MiKTeX\tex/latex/amsfonts\umsb.fd
File: umsb.fd 2013/01/14 v3.01 AMS symbols B
)
LaTeX Font Info:    Font shape `T1/pbk/m/n' in size <20.74> not available
(Font)              Font shape `T1/pbk/l/n' tried instead on input line 16.
LaTeX Font Info:    Font shape `T1/pbk/m/n' in size <14.4> not available
(Font)              Font shape `T1/pbk/l/n' tried instead on input line 18.
LaTeX Font Info:    Font shape `T1/pbk/b/n' in size <14.4> not available
(Font)              Font shape `T1/pbk/db/n' tried instead on input line 18.
<include/DSIC.png, id=572, 92.7465pt x 64.3203pt>
File: include/DSIC.png Graphic file (type png)
<use include/DSIC.png>
Package pdftex.def Info: include/DSIC.png  used on input line 22.
(pdftex.def)             Requested size: 83.47107pt x 57.88771pt.

Overfull \hbox (29.1171pt too wide) in paragraph at lines 22--23
[][] 
 []

LaTeX Font Info:    Font shape `T1/pbk/b/n' in size <20.74> not available
(Font)              Font shape `T1/pbk/db/n' tried instead on input line 37.
LaTeX Font Info:    Font shape `T1/pbk/m/n' in size <12> not available
(Font)              Font shape `T1/pbk/l/n' tried instead on input line 43.

Underfull \hbox (badness 10000) in paragraph at lines 42--48

 []

[1


{C:/Users/USUARIO/AppData/Local/MiKTeX/fonts/map/pdftex/pdftex.map}{C:/Users/US
UARIO/AppData/Local/Programs/MiKTeX/fonts/enc/dvips/base/8r.enc} <./include/log
o-upv.png> <./include/DSIC.png>]
LaTeX Font Info:    Font shape `T1/pbk/m/it' in size <12> not available
(Font)              Font shape `T1/pbk/l/it' tried instead on input line 63.
 [2]) (secciones/01_Resumen.tex
LaTeX Font Info:    Font shape `T1/pbk/m/n' in size <24.88> not available
(Font)              Font shape `T1/pbk/l/n' tried instead on input line 6.
LaTeX Font Info:    Font shape `T1/pbk/b/n' in size <24.88> not available
(Font)              Font shape `T1/pbk/db/n' tried instead on input line 6.
LaTeX Font Info:    Font shape `T1/pbk/m/it' in size <10.95> not available
(Font)              Font shape `T1/pbk/l/it' tried instead on input line 10.
 [1


] [2

]
[3] [4

]) [5] [6

] (plantilla_TFM.toc
LaTeX Info: Redefining \. on input line 1.
LaTeX Info: Redefining \% on input line 1.
LaTeX Font Info:    Font shape `T1/pbk/b/n' in size <10.95> not available
(Font)              Font shape `T1/pbk/db/n' tried instead on input line 2.
 [7]
LaTeX Font Info:    Trying to load font information for T1+pcr on input line 73
.

(C:\Users\USUARIO\AppData\Local\Programs\MiKTeX\tex/latex/psnfss\t1pcr.fd
File: t1pcr.fd 2001/06/04 font definitions for T1/pcr.
)
LaTeX Info: Redefining \. on input line 107.
LaTeX Info: Redefining \% on input line 107.
Package babel Info: 'spanish' activates 'spanish' shorthands.
(babel)             Reported on input line 107.

[8]
Overfull \hbox (3.3943pt too wide) detected at line 121
 []\T1/pbk/l/n/10.95 100
 []


Overfull \hbox (3.3943pt too wide) detected at line 122
 []\T1/pbk/l/n/10.95 101
 []


Overfull \hbox (3.3943pt too wide) detected at line 123
 []\T1/pbk/l/n/10.95 102
 []


Overfull \hbox (3.3943pt too wide) detected at line 124
 []\T1/pbk/l/n/10.95 102
 []


Overfull \hbox (3.3943pt too wide) detected at line 125
 []\T1/pbk/l/n/10.95 102
 []


Overfull \hbox (3.3943pt too wide) detected at line 127
 []\T1/pbk/l/n/10.95 105
 []


Overfull \hbox (3.3943pt too wide) detected at line 128
 []\T1/pbk/l/n/10.95 105
 []


Overfull \hbox (3.3943pt too wide) detected at line 129
 []\T1/pbk/l/n/10.95 108
 []


Overfull \hbox (3.3943pt too wide) detected at line 130
 []\T1/pbk/l/n/10.95 109
 []


Overfull \hbox (3.3943pt too wide) detected at line 131
 []\T1/pbk/l/n/10.95 110
 []


Overfull \hbox (3.3943pt too wide) detected at line 132
 []\T1/pbk/l/n/10.95 111
 []


Overfull \hbox (3.3943pt too wide) detected at line 133
 []\T1/pbk/l/n/10.95 112
 []


Overfull \hbox (3.3943pt too wide) detected at line 134
 []\T1/pbk/l/n/10.95 113
 []


Overfull \hbox (3.3943pt too wide) detected at line 135
 []\T1/pbk/l/n/10.95 114
 []


Overfull \hbox (3.3943pt too wide) detected at line 140
 []\T1/pbk/l/n/10.95 114
 []


Overfull \hbox (3.3943pt too wide) detected at line 146
 []\T1/pbk/l/n/10.95 115
 []


Overfull \hbox (1.75185pt too wide) detected at line 147
\T1/pbk/db/n/10.95 10. 
 []


Overfull \hbox (2.18968pt too wide) detected at line 148
\T1/pbk/l/n/10.95 10.1. 
 []


Overfull \hbox (3.3943pt too wide) detected at line 148
 []\T1/pbk/l/n/10.95 117
 []


Overfull \hbox (2.18968pt too wide) detected at line 149
\T1/pbk/l/n/10.95 10.2. 
 []


Overfull \hbox (3.3943pt too wide) detected at line 149
 []\T1/pbk/l/n/10.95 118
 []


Overfull \hbox (2.18968pt too wide) detected at line 150
\T1/pbk/l/n/10.95 10.3. 
 []


Overfull \hbox (3.3943pt too wide) detected at line 150
 []\T1/pbk/l/n/10.95 119
 []


Overfull \hbox (2.62762pt too wide) detected at line 151
\T1/pbk/l/n/10.95 10.3.1. 
 []


Overfull \hbox (3.3943pt too wide) detected at line 151
 []\T1/pbk/l/n/10.95 119
 []


Overfull \hbox (2.62762pt too wide) detected at line 152
\T1/pbk/l/n/10.95 10.3.2. 
 []


Overfull \hbox (3.3943pt too wide) detected at line 152
 []\T1/pbk/l/n/10.95 120
 []


Overfull \hbox (2.62762pt too wide) detected at line 153
\T1/pbk/l/n/10.95 10.3.3. 
 []


Overfull \hbox (3.3943pt too wide) detected at line 153
 []\T1/pbk/l/n/10.95 120
 []


Overfull \hbox (2.62762pt too wide) detected at line 154
\T1/pbk/l/n/10.95 10.3.4. 
 []


Overfull \hbox (3.3943pt too wide) detected at line 154
 []\T1/pbk/l/n/10.95 120
 []


Overfull \hbox (2.18968pt too wide) detected at line 155
\T1/pbk/l/n/10.95 10.4. 
 []


Overfull \hbox (3.3943pt too wide) detected at line 155
 []\T1/pbk/l/n/10.95 120
 []


Overfull \hbox (3.3943pt too wide) detected at line 158
 []\T1/pbk/l/n/10.95 125
 []


Overfull \hbox (3.3943pt too wide) detected at line 159
 []\T1/pbk/l/n/10.95 126
 []


Overfull \hbox (3.3943pt too wide) detected at line 160
 []\T1/pbk/l/n/10.95 126
 []

LaTeX Info: Redefining \. on input line 161.
LaTeX Info: Redefining \% on input line 161.
[9]
Overfull \hbox (3.3943pt too wide) detected at line 161
 []\T1/pbk/l/n/10.95 126
 []


Overfull \hbox (3.3943pt too wide) detected at line 162
 []\T1/pbk/l/n/10.95 126
 []


Overfull \hbox (3.3943pt too wide) detected at line 163
 []\T1/pbk/l/n/10.95 127
 []


Overfull \hbox (3.3943pt too wide) detected at line 164
 []\T1/pbk/l/n/10.95 127
 []


Overfull \hbox (3.3943pt too wide) detected at line 166
 []\T1/pbk/l/n/10.95 129
 []


Overfull \hbox (3.3943pt too wide) detected at line 167
 []\T1/pbk/l/n/10.95 130
 []


Overfull \hbox (3.3943pt too wide) detected at line 168
 []\T1/pbk/l/n/10.95 130
 []


Overfull \hbox (3.3943pt too wide) detected at line 169
 []\T1/pbk/l/n/10.95 131
 []


Overfull \hbox (3.3943pt too wide) detected at line 170
 []\T1/pbk/l/n/10.95 131
 []


Overfull \hbox (3.3943pt too wide) detected at line 171
 []\T1/pbk/l/n/10.95 132
 []


Overfull \hbox (3.3943pt too wide) detected at line 172
 []\T1/pbk/l/n/10.95 133
 []


Overfull \hbox (3.3943pt too wide) detected at line 174
 []\T1/pbk/l/n/10.95 135
 []


Overfull \hbox (3.3943pt too wide) detected at line 175
 []\T1/pbk/l/n/10.95 135
 []


Overfull \hbox (3.3943pt too wide) detected at line 176
 []\T1/pbk/l/n/10.95 136
 []

)
\tf@toc=\write5
\openout5 = `plantilla_TFM.toc'.

LaTeX Info: Redefining \. on input line 42.
LaTeX Info: Redefining \% on input line 42.
 [10] (secciones/02_Introduccion.tex
Cap\'{\i }tulo 1.

pdfTeX warning (ext4): destination with the same identifier (name{page.1}) has 
been already used, duplicate ignored
<to be read again> 
                   \relax 
l.19 \section
             {MotivaciÃ³n} [1


]
LaTeX Info: Redefining \. on input line 45.
LaTeX Info: Redefining \% on input line 45.

pdfTeX warning (ext4): destination with the same identifier (name{page.2}) has 
been already used, duplicate ignored
<to be read again> 
                   \relax 
l.45     \item[$\bullet$]
                          analizar los resultados de la encuesta TAM y evalu...
[2]
LaTeX Info: Redefining \. on input line 80.
LaTeX Info: Redefining \% on input line 80.
 [3]
LaTeX Info: Redefining \. on input line 99.
LaTeX Info: Redefining \% on input line 99.
 [4]) (secciones/03_Fundamentos.tex
LaTeX Info: Redefining \. on input line 6.
LaTeX Info: Redefining \% on input line 6.
 [5]
LaTeX Info: Redefining \. on input line 6.
LaTeX Info: Redefining \% on input line 6.
 [6]
Cap\'{\i }tulo 2.
[7

]
LaTeX Info: Redefining \. on input line 32.
LaTeX Info: Redefining \% on input line 32.
 [8]
LaTeX Info: Redefining \. on input line 48.
LaTeX Info: Redefining \% on input line 48.
 [9]
LaTeX Info: Redefining \. on input line 67.
LaTeX Info: Redefining \% on input line 67.
 [10]
LaTeX Info: Redefining \. on input line 91.
LaTeX Info: Redefining \% on input line 91.
 [11]
LaTeX Font Info:    Font shape `T1/pbk/b/it' in size <14.4> not available
(Font)              Font shape `T1/pbk/db/it' tried instead on input line 95.
LaTeX Font Info:    Font shape `T1/pbk/m/n' in size <10> not available
(Font)              Font shape `T1/pbk/l/n' tried instead on input line 164.
LaTeX Font Info:    Font shape `T1/pbk/b/n' in size <10> not available
(Font)              Font shape `T1/pbk/db/n' tried instead on input line 164.
LaTeX Font Info:    Font shape `T1/pbk/m/n' in size <6> not available
(Font)              Font shape `T1/pbk/l/n' tried instead on input line 164.
LaTeX Info: Redefining \. on input line 176.
LaTeX Info: Redefining \% on input line 176.
LaTeX Font Info:    Font shape `T1/pbk/b/it' in size <10.95> not available
(Font)              Font shape `T1/pbk/db/it' tried instead on input line 176.
 [12
pdfTeX warning (ext4): destination with the same identifier (name{figure.2.1}) 
has been already used, duplicate ignored
<argument> ...shipout:D \box_use:N \l_shipout_box 
                                                  \__shipout_drop_firstpage_...
l.176 
      ]) (secciones/04_EstadoDelArte.tex
LaTeX Info: Redefining \. on input line 6.
LaTeX Info: Redefining \% on input line 6.
 [13] [14

]
Cap\'{\i }tulo 3.
LaTeX Font Info:    Font shape `T1/pbk/b/n' in size <12> not available
(Font)              Font shape `T1/pbk/db/n' tried instead on input line 17.
[15]
Underfull \vbox (badness 10000) has occurred while \output is active []

LaTeX Info: Redefining \. on input line 82.
LaTeX Info: Redefining \% on input line 82.
 [16]
LaTeX Info: Redefining \. on input line 115.
LaTeX Info: Redefining \% on input line 115.

[17]
LaTeX Info: Redefining \. on input line 147.
LaTeX Info: Redefining \% on input line 147.
 [18]) (secciones/05_AnalisisProblema.tex
LaTeX Info: Redefining \. on input line 6.
LaTeX Info: Redefining \% on input line 6.
 [19] [20

]
Cap\'{\i }tulo 4.
[21]
LaTeX Font Info:    Font shape `T1/pbk/m/it' in size <10> not available
(Font)              Font shape `T1/pbk/l/it' tried instead on input line 53.
LaTeX Info: Redefining \. on input line 109.
LaTeX Info: Redefining \% on input line 109.
 [22
pdfTeX warning (ext4): destination with the same identifier (name{figure.4.1}) 
has been already used, duplicate ignored
<argument> ...shipout:D \box_use:N \l_shipout_box 
                                                  \__shipout_drop_firstpage_...
l.109 \end{figure}
                  ]
LaTeX Font Info:    Font shape `T1/pbk/m/n' in size <8> not available
(Font)              Font shape `T1/pbk/l/n' tried instead on input line 175.


LaTeX Warning: `!h' float specifier changed to `!ht'.


LaTeX Warning: `!h' float specifier changed to `!ht'.


Underfull \vbox (badness 4108) has occurred while \output is active []

LaTeX Info: Redefining \. on input line 238.
LaTeX Info: Redefining \% on input line 238.
 [23
pdfTeX warning (ext4): destination with the same identifier (name{figure.4.2}) 
has been already used, duplicate ignored
<argument> ...shipout:D \box_use:N \l_shipout_box 
                                                  \__shipout_drop_firstpage_...
l.238 
      
pdfTeX warning (ext4): destination with the same identifier (name{figure.4.3}) 
has been already used, duplicate ignored
<argument> ...shipout:D \box_use:N \l_shipout_box 
                                                  \__shipout_drop_firstpage_...
l.238 
      ]
Underfull \vbox (badness 10000) has occurred while \output is active []

LaTeX Info: Redefining \. on input line 244.
LaTeX Info: Redefining \% on input line 244.
 [24
pdfTeX warning (ext4): destination with the same identifier (name{figure.4.4}) 
has been already used, duplicate ignored
<argument> ...shipout:D \box_use:N \l_shipout_box 
                                                  \__shipout_drop_firstpage_...
l.244 
      
pdfTeX warning (ext4): destination with the same identifier (name{figure.4.5}) 
has been already used, duplicate ignored
<argument> ...shipout:D \box_use:N \l_shipout_box 
                                                  \__shipout_drop_firstpage_...
l.244 
      ]
LaTeX Info: Redefining \. on input line 266.
LaTeX Info: Redefining \% on input line 266.
 [25]
LaTeX Info: Redefining \. on input line 285.
LaTeX Info: Redefining \% on input line 285.
 [26]
LaTeX Info: Redefining \. on input line 309.
LaTeX Info: Redefining \% on input line 309.
 [27]
LaTeX Font Info:    Font shape `T1/pbk/b/it' in size <12> not available
(Font)              Font shape `T1/pbk/db/it' tried instead on input line 325.
LaTeX Info: Redefining \. on input line 332.
LaTeX Info: Redefining \% on input line 332.
 [28]
LaTeX Font Info:    Font shape `T1/pbk/m/n' in size <9> not available
(Font)              Font shape `T1/pbk/l/n' tried instead on input line 347.

Underfull \hbox (badness 1527) in paragraph at lines 386--386
[]|\T1/pbk/db/n/9 Alternativas con-si-de-ra-
 []


Underfull \hbox (badness 10000) in paragraph at lines 386--386
[]|\T1/pbk/db/n/9 Criterio prin-ci-pal de
 []


Underfull \hbox (badness 6526) in paragraph at lines 386--386
[]|\T1/pbk/l/n/9 Disponibilidad de plan
 []


Underfull \hbox (badness 10000) in paragraph at lines 386--386
[]|\T1/pbk/db/n/9 GitHub Mo-dels
 []


Underfull \hbox (badness 10000) in paragraph at lines 386--386
\T1/pbk/l/n/9 (mo-de-lo prin-ci-pal
 []


Underfull \hbox (badness 3209) in paragraph at lines 386--386
\T1/pbk/l/n/9 nis-mo de \T1/pbk/l/it/9 fall-back
 []


Underfull \hbox (badness 10000) in paragraph at lines 386--386
[]|\T1/pbk/l/n/9 Llamadas di-rec-tas del
 []


Underfull \hbox (badness 2134) in paragraph at lines 386--386
\T1/pbk/l/n/9 clien-te al pro-vee-dor de
 []


Underfull \hbox (badness 5274) in paragraph at lines 386--386
[]|\T1/pbk/l/n/9 Comunicación con
 []


Underfull \hbox (badness 10000) in paragraph at lines 386--386
\T1/pbk/l/n/9 vee-dor (Ope-nAI SDK,
 []


Underfull \hbox (badness 1286) in paragraph at lines 386--386
\T1/pbk/l/n/9 Goo-gle AI SDK...); API
 []


Underfull \hbox (badness 10000) in paragraph at lines 386--386
\T1/pbk/l/n/9 REST com-pa-ti-ble con
 []


Underfull \hbox (badness 1226) in paragraph at lines 386--386
[]|\T1/pbk/l/n/9 Unificación de lla-ma-das
 []


Underfull \hbox (badness 10000) in paragraph at lines 386--386
\T1/pbk/l/n/9 multi-modelo y com-
 []


Underfull \hbox (badness 7486) in paragraph at lines 386--386
\T1/pbk/l/n/9 pa-ti-bi-li-dad di-rec-ta con
 []


Underfull \hbox (badness 2088) in paragraph at lines 386--386
\T1/pbk/l/n/9 GitHub Mo-dels sin de-
 []


Underfull \hbox (badness 1852) in paragraph at lines 386--386
\T1/pbk/db/n/9 ti-ble con Ope-nAI
 []


Underfull \hbox (badness 7221) in paragraph at lines 386--386
\T1/pbk/l/n/9 (pun-to de ac-ce-so
 []


Underfull \hbox (badness 10000) in paragraph at lines 386--386
[]|\T1/pbk/l/n/9 React/Vue +
 []


Underfull \hbox (badness 10000) in paragraph at lines 386--386
\T1/pbk/l/n/9 Python/Flask; Ja-vaS-
 []


Underfull \hbox (badness 10000) in paragraph at lines 386--386
\T1/pbk/l/n/9 (bpmn-js, jQuery,
 []


Underfull \hbox (badness 2591) in paragraph at lines 386--386
\T1/pbk/l/n/9 Web-pack); ser-vi-dor
 []


Underfull \hbox (badness 10000) in paragraph at lines 386--386
\T1/pbk/l/n/9 (No-de.js, Ex-press,
 []

LaTeX Info: Redefining \. on input line 396.
LaTeX Info: Redefining \% on input line 396.
[29]
LaTeX Info: Redefining \. on input line 396.
LaTeX Info: Redefining \% on input line 396.
 [30
pdfTeX warning (ext4): destination with the same identifier (name{table.4.1}) h
as been already used, duplicate ignored
<argument> ...shipout:D \box_use:N \l_shipout_box 
                                                  \__shipout_drop_firstpage_...
l.396 
      ]
LaTeX Info: Redefining \. on input line 473.
LaTeX Info: Redefining \% on input line 473.
 [31]
LaTeX Info: Redefining \. on input line 487.
LaTeX Info: Redefining \% on input line 487.
 [32]
LaTeX Info: Redefining \. on input line 505.
LaTeX Info: Redefining \% on input line 505.
 [33]
LaTeX Info: Redefining \. on input line 519.
LaTeX Info: Redefining \% on input line 519.
 [34]
Underfull \hbox (badness 3219) in paragraph at lines 542--542
[]|\T1/pbk/l/n/10 01, 02, 03,
 []


Underfull \hbox (badness 3209) in paragraph at lines 546--546
[]|\T1/pbk/l/n/10 Configuración/UX (RF-
 []


Underfull \hbox (badness 2103) in paragraph at lines 569--569
[]|\T1/pbk/l/n/10 Arquitectura y ca-li-dad
 []

LaTeX Info: Redefining \. on input line 590.
LaTeX Info: Redefining \% on input line 590.
[35]
LaTeX Info: Redefining \. on input line 633.
LaTeX Info: Redefining \% on input line 633.
 [36]
LaTeX Info: Redefining \. on input line 676.
LaTeX Info: Redefining \% on input line 676.
 [37]
Overfull \hbox (30.91061pt too wide) in paragraph at lines 689--690
[]\T1/pbk/l/n/10.95 Estudio de las di-men-sio-nes de va-lor per-ci-bi-do (emo-c
io-nal, so-cial, ca-li-dad/rendimiento,
 []


Overfull \hbox (1.59607pt too wide) in paragraph at lines 691--692
[]\T1/pbk/l/n/10.95 Diseño del \T1/pbk/l/it/10.95 prompt \T1/pbk/l/n/10.95 de a
ná-li-sis PER-VAL, in-clu-yen-do el ám-bi-to (ta-reas/entregables)
 []

LaTeX Info: Redefining \. on input line 721.
LaTeX Info: Redefining \% on input line 721.
[38]
LaTeX Info: Redefining \. on input line 769.
LaTeX Info: Redefining \% on input line 769.
 [39]
Overfull \hbox (9.12006pt too wide) in paragraph at lines 774--775
[]\T1/pbk/l/n/10.95 Configuración del fi-che-ro \T1/pcr/m/n/10.95 render.yaml \
T1/pbk/l/n/10.95 con los dos ser-vi-cios (\T1/pcr/m/n/10.95 tfm-bpmn-frontend
 []

LaTeX Info: Redefining \. on input line 801.
LaTeX Info: Redefining \% on input line 801.
[40]
Underfull \hbox (badness 3449) in paragraph at lines 816--816
\T1/pbk/l/n/10 ni-fi-ca-ción), US02 (Con-fi-gu-ra-ción
 []


Underfull \hbox (badness 7326) in paragraph at lines 820--820
[]|\T1/pbk/l/n/10 US05 (Ge-ne-ra-ción de mo-de-los
 []


Underfull \hbox (badness 1817) in paragraph at lines 824--824
\T1/pbk/l/n/10 PER-VAL), US09 (Im-ple-men-ta-ción
 []


Underfull \hbox (badness 2512) in paragraph at lines 830--830
[]|\T1/pbk/l/n/10 US14 (Des-plie-gue en \T1/pbk/l/it/10 Ren-der \T1/pbk/l/n/10 
y
 []

) (secciones/06_DisenoSolucion.tex
LaTeX Info: Redefining \. on input line 6.
LaTeX Info: Redefining \% on input line 6.
 [41] [42

]
Cap\'{\i }tulo 5.
[43]
LaTeX Info: Redefining \. on input line 132.
LaTeX Info: Redefining \% on input line 132.
 [44
pdfTeX warning (ext4): destination with the same identifier (name{figure.5.1}) 
has been already used, duplicate ignored
<argument> ...shipout:D \box_use:N \l_shipout_box 
                                                  \__shipout_drop_firstpage_...
l.132 \end{itemize}
                   ]
LaTeX Info: Redefining \. on input line 155.
LaTeX Info: Redefining \% on input line 155.
 [45]
LaTeX Font Info:    Trying to load font information for TS1+pbk on input line 1
71.

(C:\Users\USUARIO\AppData\Local\Programs\MiKTeX\tex/latex/psnfss\ts1pbk.fd
File: ts1pbk.fd 2001/06/04 font definitions for TS1/pbk.
)
LaTeX Font Info:    Font shape `TS1/pbk/m/n' in size <10> not available
(Font)              Font shape `TS1/pbk/l/n' tried instead on input line 171.

Overfull \hbox (77.6218pt too wide) in paragraph at lines 193--194
\T1/pbk/l/n/10.95 nue-va ins-tan-cia del ser-vi-dor MCP (\T1/pcr/m/n/10.95 McpS
erver\T1/pbk/l/n/10.95 ) y su trans-por-te (\T1/pcr/m/n/10.95 StreamableHTTPSer
verTransport\T1/pbk/l/n/10.95 ),
 []


Underfull \hbox (badness 1616) in paragraph at lines 216--217
[]|\T1/pbk/l/n/10 Genera el XML BPMN 2.0 com-ple-to y va-li-da-
 []

LaTeX Info: Redefining \. on input line 228.
LaTeX Info: Redefining \% on input line 228.
[46
pdfTeX warning (ext4): destination with the same identifier (name{figure.5.2}) 
has been already used, duplicate ignored
<argument> ...shipout:D \box_use:N \l_shipout_box 
                                                  \__shipout_drop_firstpage_...
l.228 
      ]
LaTeX Font Info:    Font shape `T1/pbk/b/it' in size <10> not available
(Font)              Font shape `T1/pbk/db/it' tried instead on input line 246.
LaTeX Info: Redefining \. on input line 267.
LaTeX Info: Redefining \% on input line 267.
 [47
pdfTeX warning (ext4): destination with the same identifier (name{table.5.1}) h
as been already used, duplicate ignored
<argument> ...shipout:D \box_use:N \l_shipout_box 
                                                  \__shipout_drop_firstpage_...
l.267 \section
              {DiseÃ±o detallado}]
LaTeX Info: Redefining \. on input line 283.
LaTeX Info: Redefining \% on input line 283.
 [48
pdfTeX warning (ext4): destination with the same identifier (name{figure.5.3}) 
has been already used, duplicate ignored
<argument> ...shipout:D \box_use:N \l_shipout_box 
                                                  \__shipout_drop_firstpage_...
l.283 
      ]
Overfull \hbox (22.36726pt too wide) in paragraph at lines 286--287
[]\T1/pbk/db/n/10.95 Resultado PER-VAL: \T1/pbk/l/n/10.95 es-truc-tu-ra JSON de
-vuel-ta por la he-rra-mien-ta \T1/pcr/m/n/10.95 analyze_perval\T1/pbk/l/n/10.9
5 .
 []


Overfull \hbox (54.5402pt too wide) in paragraph at lines 305--306
\T1/pbk/l/n/10.95 ción pa-so a pa-so del pro-ce-so, in-vo-can-do su-ce-si-va-me
n-te las he-rra-mien-tas \T1/pcr/m/n/10.95 suggest_flow_start\T1/pbk/l/n/10.95 
,
 []

LaTeX Info: Redefining \. on input line 308.
LaTeX Info: Redefining \% on input line 308.
[49]
Overfull \hbox (7.81181pt too wide) in paragraph at lines 342--343
 [][] 
 []

LaTeX Info: Redefining \. on input line 355.
LaTeX Info: Redefining \% on input line 355.
[50
pdfTeX warning (ext4): destination with the same identifier (name{figure.5.4}) 
has been already used, duplicate ignored
<argument> ...shipout:D \box_use:N \l_shipout_box 
                                                  \__shipout_drop_firstpage_...
l.355 
      ]
LaTeX Info: Redefining \. on input line 403.
LaTeX Info: Redefining \% on input line 403.
 [51
pdfTeX warning (ext4): destination with the same identifier (name{figure.5.5}) 
has been already used, duplicate ignored
<argument> ...shipout:D \box_use:N \l_shipout_box 
                                                  \__shipout_drop_firstpage_...
l.403 \end{center}
                  ]
LaTeX Info: Redefining \. on input line 437.
LaTeX Info: Redefining \% on input line 437.
 [52]
Underfull \vbox (badness 1221) has occurred while \output is active []

LaTeX Info: Redefining \. on input line 495.
LaTeX Info: Redefining \% on input line 495.
 [53
pdfTeX warning (ext4): destination with the same identifier (name{table.5.2}) h
as been already used, duplicate ignored
<argument> ...shipout:D \box_use:N \l_shipout_box 
                                                  \__shipout_drop_firstpage_...
l.495 
      ]) (secciones/07_DesarrolloImplementacion.tex
LaTeX Info: Redefining \. on input line 5.
LaTeX Info: Redefining \% on input line 5.
 [54]
Cap\'{\i }tulo 6.
[55

]
Underfull \vbox (badness 10000) has occurred while \output is active []

LaTeX Info: Redefining \. on input line 44.
LaTeX Info: Redefining \% on input line 44.
 [56]
Overfull \hbox (5.12805pt too wide) in paragraph at lines 56--57
\T1/pbk/l/it/10.95 gest_gateway_branches\T1/pbk/l/n/10.95 , \T1/pbk/l/it/10.95 
sug-gest_branch_step \T1/pbk/l/n/10.95 y \T1/pbk/l/it/10.95 ren-der_diagram\T1/
pbk/l/n/10.95 ), se ela-bo-ró un \T1/pbk/l/it/10.95 prompt
 []

LaTeX Info: Redefining \. on input line 57.
LaTeX Info: Redefining \% on input line 57.
[57]
LaTeX Info: Redefining \. on input line 75.
LaTeX Info: Redefining \% on input line 75.
 [58]
LaTeX Info: Redefining \. on input line 100.
LaTeX Info: Redefining \% on input line 100.
 [59]
LaTeX Info: Redefining \. on input line 114.
LaTeX Info: Redefining \% on input line 114.
 [60]
Underfull \hbox (badness 4120) in paragraph at lines 140--141
[]|\T1/pbk/l/n/10 Servidor MCP fun-cio-nal con in-te-gra-ción a
 []


Underfull \hbox (badness 3118) in paragraph at lines 150--151
[]|\T1/pbk/l/n/10 Soporte mul-ti-lin-güe es-pa-ñol/inglés; prue-bas
 []


Underfull \vbox (badness 2237) has occurred while \output is active []

LaTeX Info: Redefining \. on input line 158.
LaTeX Info: Redefining \% on input line 158.
 [61]
LaTeX Info: Redefining \. on input line 178.
LaTeX Info: Redefining \% on input line 178.

[62
pdfTeX warning (ext4): destination with the same identifier (name{table.6.1}) h
as been already used, duplicate ignored
<argument> ...shipout:D \box_use:N \l_shipout_box 
                                                  \__shipout_drop_firstpage_...
l.178 
      ]
Underfull \vbox (badness 10000) has occurred while \output is active []

LaTeX Info: Redefining \. on input line 231.
LaTeX Info: Redefining \% on input line 231.
 [63]
LaTeX Info: Redefining \. on input line 268.
LaTeX Info: Redefining \% on input line 268.

[64]
LaTeX Info: Redefining \. on input line 321.
LaTeX Info: Redefining \% on input line 321.
 [65]
LaTeX Info: Redefining \. on input line 365.
LaTeX Info: Redefining \% on input line 365.
 [66]
Underfull \vbox (badness 10000) has occurred while \output is active []

LaTeX Info: Redefining \. on input line 411.
LaTeX Info: Redefining \% on input line 411.
 [67]
Overfull \hbox (20.0372pt too wide) in paragraph at lines 442--442
[]\T1/pcr/b/n/10.95 buildGatewayBranchesPrompt \T1/pbk/db/n/10.95 ^^V he-rra-mi
en-ta \T1/pcr/b/n/10.95 suggest_gateway_branches 
 []

LaTeX Info: Redefining \. on input line 461.
LaTeX Info: Redefining \% on input line 461.
[68]
LaTeX Info: Redefining \. on input line 513.
LaTeX Info: Redefining \% on input line 513.
 [69]
LaTeX Info: Redefining \. on input line 560.
LaTeX Info: Redefining \% on input line 560.
 [70]
Overfull \hbox (41.27055pt too wide) in paragraph at lines 563--564
\T1/pbk/l/n/10.95 en \T1/pcr/m/n/10.95 renderDiagramFromState()\T1/pbk/l/n/10.9
5 , im-ple-men-ta-da en \T1/pcr/m/n/10.95 mcp-server/src/diagramRenderer.js\T1/
pbk/l/n/10.95 ,
 []


Underfull \vbox (badness 2698) has occurred while \output is active []

LaTeX Info: Redefining \. on input line 602.
LaTeX Info: Redefining \% on input line 602.
 [71]
Underfull \vbox (badness 10000) has occurred while \output is active []

LaTeX Info: Redefining \. on input line 656.
LaTeX Info: Redefining \% on input line 656.
 [72]
Underfull \vbox (badness 10000) has occurred while \output is active []

LaTeX Info: Redefining \. on input line 703.
LaTeX Info: Redefining \% on input line 703.
 [73]
Underfull \vbox (badness 10000) has occurred while \output is active []

LaTeX Info: Redefining \. on input line 755.
LaTeX Info: Redefining \% on input line 755.
 [74]
Underfull \vbox (badness 10000) has occurred while \output is active []

LaTeX Info: Redefining \. on input line 812.
LaTeX Info: Redefining \% on input line 812.
 [75]
Overfull \hbox (96.82509pt too wide) in paragraph at lines 829--830
\T1/pbk/l/n/10.95 nes en len-gua-je na-tu-ral. Ope-ra en dos par-tes: el \T1/pb
k/l/it/10.95 prompt \T1/pbk/l/n/10.95 de sis-te-ma (\T1/pcr/m/n/10.95 buildRefi
nementSystemPrompt()\T1/pbk/l/n/10.95 )
 []


Overfull \hbox (43.66669pt too wide) in paragraph at lines 829--830
\T1/pbk/l/n/10.95 fi-ja las re-glas de mo-di-fi-ca-ción del XML, y el men-sa-je
 de usua-rio (\T1/pcr/m/n/10.95 buildRefinementMessage()\T1/pbk/l/n/10.95 )
 []

LaTeX Info: Redefining \. on input line 853.
LaTeX Info: Redefining \% on input line 853.
[76]
LaTeX Info: Redefining \. on input line 905.
LaTeX Info: Redefining \% on input line 905.
 [77]
LaTeX Info: Redefining \. on input line 954.
LaTeX Info: Redefining \% on input line 954.
 [78]
LaTeX Info: Redefining \. on input line 998.
LaTeX Info: Redefining \% on input line 998.
 [79]
LaTeX Info: Redefining \. on input line 1052.
LaTeX Info: Redefining \% on input line 1052.
 [80]) (secciones/08_EjecucionFuncionamiento.tex
LaTeX Info: Redefining \. on input line 6.
LaTeX Info: Redefining \% on input line 6.
 [81]
[82

]
Cap\'{\i }tulo 7.
[83]
Underfull \vbox (badness 10000) has occurred while \output is active []

LaTeX Info: Redefining \. on input line 77.
LaTeX Info: Redefining \% on input line 77.
 [84
pdfTeX warning (ext4): destination with the same identifier (name{figure.7.1}) 
has been already used, duplicate ignored
<argument> ...shipout:D \box_use:N \l_shipout_box 
                                                  \__shipout_drop_firstpage_...
l.77 
     ]
LaTeX Info: Redefining \. on input line 92.
LaTeX Info: Redefining \% on input line 92.
 [85
pdfTeX warning (ext4): destination with the same identifier (name{figure.7.2}) 
has been already used, duplicate ignored
<argument> ...shipout:D \box_use:N \l_shipout_box 
                                                  \__shipout_drop_firstpage_...
l.92 
     
pdfTeX warning (ext4): destination with the same identifier (name{figure.7.3}) 
has been already used, duplicate ignored
<argument> ...shipout:D \box_use:N \l_shipout_box 
                                                  \__shipout_drop_firstpage_...
l.92 
     ]
LaTeX Info: Redefining \. on input line 109.
LaTeX Info: Redefining \% on input line 109.
 [86
pdfTeX warning (ext4): destination with the same identifier (name{figure.7.4}) 
has been already used, duplicate ignored
<argument> ...shipout:D \box_use:N \l_shipout_box 
                                                  \__shipout_drop_firstpage_...
l.109 
      
pdfTeX warning (ext4): destination with the same identifier (name{figure.7.5}) 
has been already used, duplicate ignored
<argument> ...shipout:D \box_use:N \l_shipout_box 
                                                  \__shipout_drop_firstpage_...
l.109 
      ]
LaTeX Info: Redefining \. on input line 137.
LaTeX Info: Redefining \% on input line 137.
 [87
pdfTeX warning (ext4): destination with the same identifier (name{figure.7.6}) 
has been already used, duplicate ignored
<argument> ...shipout:D \box_use:N \l_shipout_box 
                                                  \__shipout_drop_firstpage_...
l.137 
      ]
LaTeX Info: Redefining \. on input line 160.
LaTeX Info: Redefining \% on input line 160.
 [88
pdfTeX warning (ext4): destination with the same identifier (name{figure.7.7}) 
has been already used, duplicate ignored
<argument> ...shipout:D \box_use:N \l_shipout_box 
                                                  \__shipout_drop_firstpage_...
l.160 
      ]
LaTeX Info: Redefining \. on input line 160.
LaTeX Info: Redefining \% on input line 160.
 [89
pdfTeX warning (ext4): destination with the same identifier (name{figure.7.8}) 
has been already used, duplicate ignored
<argument> ...shipout:D \box_use:N \l_shipout_box 
                                                  \__shipout_drop_firstpage_...
l.160 
      
pdfTeX warning (ext4): destination with the same identifier (name{figure.7.9}) 
has been already used, duplicate ignored
<argument> ...shipout:D \box_use:N \l_shipout_box 
                                                  \__shipout_drop_firstpage_...
l.160 
      ]
LaTeX Info: Redefining \. on input line 195.
LaTeX Info: Redefining \% on input line 195.
 [90
pdfTeX warning (ext4): destination with the same identifier (name{figure.7.10})
 has been already used, duplicate ignored
<argument> ...shipout:D \box_use:N \l_shipout_box 
                                                  \__shipout_drop_firstpage_...
l.195 
      ]
LaTeX Info: Redefining \. on input line 213.
LaTeX Info: Redefining \% on input line 213.
 [91
pdfTeX warning (ext4): destination with the same identifier (name{figure.7.11})
 has been already used, duplicate ignored
<argument> ...shipout:D \box_use:N \l_shipout_box 
                                                  \__shipout_drop_firstpage_...
l.213 
      ]
Overfull \hbox (15.94644pt too wide) in paragraph at lines 223--224
\T1/pbk/l/n/10.95 tes de-fi-ni-dos en el fi-che-ro \T1/pcr/m/n/10.95 render.yam
l \T1/pbk/l/n/10.95 del re-po-si-to-rio. El pri-me-ro (\T1/pcr/m/n/10.95 tfm-bp
mn-frontend\T1/pbk/l/n/10.95 )
 []


Overfull \hbox (76.60347pt too wide) in paragraph at lines 223--224
\T1/pbk/l/n/10.95 es un si-tio es-tá-ti-co que sir-ve el \T1/pbk/l/it/10.95 bun
d-le \T1/pbk/l/n/10.95 Web-pack de la ex-ten-sión. El se-gun-do (\T1/pcr/m/n/10
.95 tfm-bpmn-mcp-server\T1/pbk/l/n/10.95 )
 []

LaTeX Info: Redefining \. on input line 230.
LaTeX Info: Redefining \% on input line 230.
[92
pdfTeX warning (ext4): destination with the same identifier (name{figure.7.12})
 has been already used, duplicate ignored
<argument> ...shipout:D \box_use:N \l_shipout_box 
                                                  \__shipout_drop_firstpage_...
l.230 
      
pdfTeX warning (ext4): destination with the same identifier (name{figure.7.13})
 has been already used, duplicate ignored
<argument> ...shipout:D \box_use:N \l_shipout_box 
                                                  \__shipout_drop_firstpage_...
l.230 
      ]) (secciones/09_ValidacionPropuesta.tex
LaTeX Info: Redefining \. on input line 7.
LaTeX Info: Redefining \% on input line 7.
 [93] [94

]
Cap\'{\i }tulo 8.
[95]
LaTeX Info: Redefining \. on input line 65.
LaTeX Info: Redefining \% on input line 65.
 [96
pdfTeX warning (ext4): destination with the same identifier (name{figure.8.1}) 
has been already used, duplicate ignored
<argument> ...shipout:D \box_use:N \l_shipout_box 
                                                  \__shipout_drop_firstpage_...
l.65 
     ]
LaTeX Info: Redefining \. on input line 95.
LaTeX Info: Redefining \% on input line 95.
 [97]
Underfull \vbox (badness 2165) has occurred while \output is active []

LaTeX Info: Redefining \. on input line 126.
LaTeX Info: Redefining \% on input line 126.
 [98]
Overfull \hbox (7.12848pt too wide) in paragraph at lines 138--138
[]|[]\T1/pbk/db/n/10.95 Cód.| 
 []


Underfull \hbox (badness 1383) in paragraph at lines 146--146
[]|\T1/pbk/l/n/10.95 Conocimiento pre-vio de la
 []


Underfull \hbox (badness 1168) in paragraph at lines 150--150
[]|\T1/pbk/l/n/10.95 Frecuencia de uso de he-
 []


Overfull \hbox (2.8603pt too wide) in paragraph at lines 167--167
[]|[]\T1/pbk/db/n/10.95 Cód.| 
 []


Overfull \hbox (6.14545pt too wide) in paragraph at lines 178--178
[]|\T1/pbk/l/n/10.95 PU10| 
 []


Overfull \hbox (6.14545pt too wide) in paragraph at lines 179--179
[]|\T1/pbk/l/n/10.95 PU11| 
 []


Underfull \vbox (badness 10000) has occurred while \output is active []

LaTeX Info: Redefining \. on input line 183.
LaTeX Info: Redefining \% on input line 183.
 [99
pdfTeX warning (ext4): destination with the same identifier (name{table.8.1}) h
as been already used, duplicate ignored
<argument> ...shipout:D \box_use:N \l_shipout_box 
                                                  \__shipout_drop_firstpage_...
l.183 
      ]
Overfull \hbox (10.30998pt too wide) in paragraph at lines 196--196
[]|[]\T1/pbk/l/n/10.95 PEOU1| 
 []


Overfull \hbox (10.30998pt too wide) in paragraph at lines 197--197
[]|\T1/pbk/l/n/10.95 PEOU2| 
 []


Overfull \hbox (10.30998pt too wide) in paragraph at lines 198--198
[]|\T1/pbk/l/n/10.95 PEOU3| 
 []


Overfull \hbox (10.30998pt too wide) in paragraph at lines 199--199
[]|\T1/pbk/l/n/10.95 PEOU4| 
 []


Overfull \hbox (10.30998pt too wide) in paragraph at lines 200--200
[]|\T1/pbk/l/n/10.95 PEOU5| 
 []


Overfull \hbox (10.30998pt too wide) in paragraph at lines 201--201
[]|\T1/pbk/l/n/10.95 PEOU6| 
 []


Overfull \hbox (10.30998pt too wide) in paragraph at lines 202--202
[]|\T1/pbk/l/n/10.95 PEOU7| 
 []


Overfull \hbox (10.30998pt too wide) in paragraph at lines 203--203
[]|\T1/pbk/l/n/10.95 PEOU8| 
 []


Overfull \hbox (10.30998pt too wide) in paragraph at lines 204--204
[]|\T1/pbk/l/n/10.95 PEOU9| 
 []


Overfull \hbox (17.09892pt too wide) in paragraph at lines 205--205
[]|\T1/pbk/l/n/10.95 PEOU10| 
 []


Overfull \hbox (17.09892pt too wide) in paragraph at lines 206--206
[]|\T1/pbk/l/n/10.95 PEOU11| 
 []


Overfull \hbox (17.09892pt too wide) in paragraph at lines 207--207
[]|\T1/pbk/l/n/10.95 PEOU12| 
 []


Underfull \vbox (badness 10000) has occurred while \output is active []

LaTeX Info: Redefining \. on input line 211.
LaTeX Info: Redefining \% on input line 211.
 [100
pdfTeX warning (ext4): destination with the same identifier (name{table.8.2}) h
as been already used, duplicate ignored
<argument> ...shipout:D \box_use:N \l_shipout_box 
                                                  \__shipout_drop_firstpage_...
l.211 
      ]
Overfull \hbox (2.8603pt too wide) in paragraph at lines 223--223
[]|[]\T1/pbk/db/n/10.95 Cód.| 
 []


Overfull \hbox (3.07939pt too wide) in paragraph at lines 225--225
[]|[]\T1/pbk/l/n/10.95 ITU1| 
 []


Overfull \hbox (3.07939pt too wide) in paragraph at lines 226--226
[]|\T1/pbk/l/n/10.95 ITU2| 
 []


Overfull \hbox (3.07939pt too wide) in paragraph at lines 227--227
[]|\T1/pbk/l/n/10.95 ITU3| 
 []


Overfull \hbox (3.07939pt too wide) in paragraph at lines 228--228
[]|\T1/pbk/l/n/10.95 ITU4| 
 []


Overfull \hbox (3.07939pt too wide) in paragraph at lines 229--229
[]|\T1/pbk/l/n/10.95 ITU5| 
 []


Underfull \vbox (badness 10000) has occurred while \output is active []

LaTeX Info: Redefining \. on input line 238.
LaTeX Info: Redefining \% on input line 238.
 [101
pdfTeX warning (ext4): destination with the same identifier (name{table.8.3}) h
as been already used, duplicate ignored
<argument> ...shipout:D \box_use:N \l_shipout_box 
                                                  \__shipout_drop_firstpage_...
l.238 
      
pdfTeX warning (ext4): destination with the same identifier (name{table.8.4}) h
as been already used, duplicate ignored
<argument> ...shipout:D \box_use:N \l_shipout_box 
                                                  \__shipout_drop_firstpage_...
l.238 
      ]
Overfull \hbox (5.70575pt too wide) in paragraph at lines 245--245
[]|[]\T1/pbk/db/n/10.95 Cód.| 
 []


Overfull \hbox (0.88802pt too wide) in paragraph at lines 247--247
[]|[]\T1/pbk/l/n/10.95 SP1| 
 []


Underfull \hbox (badness 6510) in paragraph at lines 249--249
\T1/pbk/l/n/10.95 humano--LLM (\T1/pbk/l/it/10.95 human-in-
 []


Overfull \hbox (0.88802pt too wide) in paragraph at lines 250--250
[]|\T1/pbk/l/n/10.95 SP2| 
 []


Underfull \hbox (badness 1168) in paragraph at lines 252--252
[]|\T1/pbk/l/n/10.95 Democratización del mo-
 []


Overfull \hbox (0.88802pt too wide) in paragraph at lines 253--253
[]|\T1/pbk/l/n/10.95 SP3| 
 []


Overfull \hbox (0.88802pt too wide) in paragraph at lines 256--256
[]|\T1/pbk/l/n/10.95 SP4| 
 []


Overfull \hbox (0.88802pt too wide) in paragraph at lines 259--259
[]|\T1/pbk/l/n/10.95 SP5| 
 []


Overfull \hbox (0.88802pt too wide) in paragraph at lines 262--262
[]|\T1/pbk/l/n/10.95 SP6| 
 []


Overfull \hbox (0.88802pt too wide) in paragraph at lines 265--265
[]|\T1/pbk/l/n/10.95 SP7| 
 []


Underfull \hbox (badness 1655) in paragraph at lines 266--266
\T1/pbk/l/n/10.95 gra-ma (ins-truc-cio-nes en len-gua-je
 []


Overfull \hbox (0.88802pt too wide) in paragraph at lines 268--268
[]|\T1/pbk/l/n/10.95 SP8| 
 []


Overfull \hbox (0.88802pt too wide) in paragraph at lines 272--272
[]|\T1/pbk/l/n/10.95 SP9| 
 []


Overfull \hbox (7.67696pt too wide) in paragraph at lines 276--276
[]|\T1/pbk/l/n/10.95 SP10| 
 []


Overfull \hbox (7.67696pt too wide) in paragraph at lines 280--280
[]|\T1/pbk/l/n/10.95 SP11| 
 []

LaTeX Info: Redefining \. on input line 321.
LaTeX Info: Redefining \% on input line 321.
[102]
LaTeX Info: Redefining \. on input line 321.
LaTeX Info: Redefining \% on input line 321.
 [103
pdfTeX warning (ext4): destination with the same identifier (name{table.8.5}) h
as been already used, duplicate ignored
<argument> ...shipout:D \box_use:N \l_shipout_box 
                                                  \__shipout_drop_firstpage_...
l.321 
      ]) (secciones/10_Resultados.tex
LaTeX Info: Redefining \. on input line 5.
LaTeX Info: Redefining \% on input line 5.
 [104]
Cap\'{\i }tulo 9.

LaTeX Warning: `!h' float specifier changed to `!ht'.


LaTeX Warning: `!h' float specifier changed to `!ht'.


LaTeX Warning: `!h' float specifier changed to `!ht'.


LaTeX Warning: `!h' float specifier changed to `!ht'.


LaTeX Warning: `!h' float specifier changed to `!ht'.

[105

]
Underfull \vbox (badness 1796) has occurred while \output is active []

LaTeX Info: Redefining \. on input line 130.
LaTeX Info: Redefining \% on input line 130.
 [106
pdfTeX warning (ext4): destination with the same identifier (name{table.9.1}) h
as been already used, duplicate ignored
<argument> ...shipout:D \box_use:N \l_shipout_box 
                                                  \__shipout_drop_firstpage_...
l.130 
      
pdfTeX warning (ext4): destination with the same identifier (name{figure.9.1}) 
has been already used, duplicate ignored
<argument> ...shipout:D \box_use:N \l_shipout_box 
                                                  \__shipout_drop_firstpage_...
l.130 
      
pdfTeX warning (ext4): destination with the same identifier (name{table.9.2}) h
as been already used, duplicate ignored
<argument> ...shipout:D \box_use:N \l_shipout_box 
                                                  \__shipout_drop_firstpage_...
l.130 
      ]
Underfull \vbox (badness 10000) has occurred while \output is active []

LaTeX Info: Redefining \. on input line 181.
LaTeX Info: Redefining \% on input line 181.
 [107
pdfTeX warning (ext4): destination with the same identifier (name{figure.9.2}) 
has been already used, duplicate ignored
<argument> ...shipout:D \box_use:N \l_shipout_box 
                                                  \__shipout_drop_firstpage_...
l.181 
      
pdfTeX warning (ext4): destination with the same identifier (name{figure.9.3}) 
has been already used, duplicate ignored
<argument> ...shipout:D \box_use:N \l_shipout_box 
                                                  \__shipout_drop_firstpage_...
l.181 
      
pdfTeX warning (ext4): destination with the same identifier (name{figure.9.4}) 
has been already used, duplicate ignored
<argument> ...shipout:D \box_use:N \l_shipout_box 
                                                  \__shipout_drop_firstpage_...
l.181 
      ]
Underfull \vbox (badness 10000) has occurred while \output is active []

LaTeX Info: Redefining \. on input line 265.
LaTeX Info: Redefining \% on input line 265.
 [108
pdfTeX warning (ext4): destination with the same identifier (name{table.9.3}) h
as been already used, duplicate ignored
<argument> ...shipout:D \box_use:N \l_shipout_box 
                                                  \__shipout_drop_firstpage_...
l.265 
      ]
LaTeX Info: Redefining \. on input line 299.
LaTeX Info: Redefining \% on input line 299.
 [109
pdfTeX warning (ext4): destination with the same identifier (name{figure.9.5}) 
has been already used, duplicate ignored
<argument> ...shipout:D \box_use:N \l_shipout_box 
                                                  \__shipout_drop_firstpage_...
l.299 
      
pdfTeX warning (ext4): destination with the same identifier (name{table.9.4}) h
as been already used, duplicate ignored
<argument> ...shipout:D \box_use:N \l_shipout_box 
                                                  \__shipout_drop_firstpage_...
l.299 
      ]

LaTeX Warning: `!h' float specifier changed to `!ht'.


LaTeX Warning: `!h' float specifier changed to `!ht'.

LaTeX Info: Redefining \. on input line 446.
LaTeX Info: Redefining \% on input line 446.
[110
pdfTeX warning (ext4): destination with the same identifier (name{figure.9.6}) 
has been already used, duplicate ignored
<argument> ...shipout:D \box_use:N \l_shipout_box 
                                                  \__shipout_drop_firstpage_...
l.446 
      ]
LaTeX Info: Redefining \. on input line 467.
LaTeX Info: Redefining \% on input line 467.
 [111
pdfTeX warning (ext4): destination with the same identifier (name{table.9.5}) h
as been already used, duplicate ignored
<argument> ...shipout:D \box_use:N \l_shipout_box 
                                                  \__shipout_drop_firstpage_...
l.467   \item L
               a correlaciÃ³n entre PU e ITU ($r = 0{,}89$, $p < {,}001$) es...

pdfTeX warning (ext4): destination with the same identifier (name{figure.9.7}) 
has been already used, duplicate ignored
<argument> ...shipout:D \box_use:N \l_shipout_box 
                                                  \__shipout_drop_firstpage_...
l.467   \item L
               a correlaciÃ³n entre PU e ITU ($r = 0{,}89$, $p < {,}001$) es...

pdfTeX warning (ext4): destination with the same identifier (name{table.9.6}) h
as been already used, duplicate ignored
<argument> ...shipout:D \box_use:N \l_shipout_box 
                                                  \__shipout_drop_firstpage_...
l.467   \item L
               a correlaciÃ³n entre PU e ITU ($r = 0{,}89$, $p < {,}001$) es...
]

LaTeX Warning: `!h' float specifier changed to `!ht'.


Underfull \vbox (badness 2980) has occurred while \output is active []

LaTeX Info: Redefining \. on input line 535.
LaTeX Info: Redefining \% on input line 535.
 [112]
LaTeX Info: Redefining \. on input line 541.
LaTeX Info: Redefining \% on input line 541.

[113
pdfTeX warning (ext4): destination with the same identifier (name{table.9.7}) h
as been already used, duplicate ignored
<argument> ...shipout:D \box_use:N \l_shipout_box 
                                                  \__shipout_drop_firstpage_...
l.541 
      
pdfTeX warning (ext4): destination with the same identifier (name{figure.9.8}) 
has been already used, duplicate ignored
<argument> ...shipout:D \box_use:N \l_shipout_box 
                                                  \__shipout_drop_firstpage_...
l.541 
      ]
LaTeX Info: Redefining \. on input line 559.
LaTeX Info: Redefining \% on input line 559.
 [114]
LaTeX Info: Redefining \. on input line 574.
LaTeX Info: Redefining \% on input line 574.
 [115]) (secciones/11_Conclusiones.tex
LaTeX Info: Redefining \. on input line 6.
LaTeX Info: Redefining \% on input line 6.
 [116]
Cap\'{\i }tulo 10.

LaTeX Warning: Reference `cap:introduccion' on page 117 undefined on input line
 8.


LaTeX Warning: Reference `cap:introduccion' on page 117 undefined on input line
 18.

[117

]
LaTeX Info: Redefining \. on input line 48.
LaTeX Info: Redefining \% on input line 48.
 [118]
LaTeX Info: Redefining \. on input line 77.
LaTeX Info: Redefining \% on input line 77.
 [119]
LaTeX Info: Redefining \. on input line 105.
LaTeX Info: Redefining \% on input line 105.
 [120])
LaTeX Info: Redefining \. on input line 64.
LaTeX Info: Redefining \% on input line 64.
 [121] [122

] (secciones/06_Bibliografia.tex
Underfull \hbox (badness 1107) in paragraph at lines 16--17
[]\T1/pbk/l/n/10.95 L. F. Hör-ner, M. Mö-ller y M. Reichert, ``Au-to-ma-ti-call
y Ge-ne-ra-ting BPMN
 []


Underfull \hbox (badness 2582) in paragraph at lines 16--17
\T1/pbk/l/n/10.95 2.0 Pro-cess Mo-dels from Na-tu-ral Lan-gua-ge Pro-cess Des-c
rip-tions: Cha-
 []


Underfull \hbox (badness 3713) in paragraph at lines 16--17
\T1/pbk/l/n/10.95 llen-ges, Fra-me-work, Qua-lity As-sess-ment,'' \T1/pbk/l/it/
10.95 Bu-si-ness & In-for-ma-tion Sys-
 []


Underfull \hbox (badness 7012) in paragraph at lines 22--23
[]\T1/pbk/l/n/10.95 J. Köp-ke y A. Sa-fan, ``In-tro-du-cing the BPMN-Chatbot fo
r Ef-fi-cient
 []


Underfull \hbox (badness 10000) in paragraph at lines 22--23
\T1/pbk/l/n/10.95 LLM-Based Pro-cess Mo-de-ling,'' en \T1/pbk/l/it/10.95 CEUR W
orkshop Pro-cee-dings\T1/pbk/l/n/10.95 , vol.
 []


Underfull \hbox (badness 5578) in paragraph at lines 22--23
\T1/pbk/l/n/10.95 3758, pa-per 15, BPM 2024 Fo-rum, Cra-co-via, 2024. Dis-po-ni
-ble en:
 []


Underfull \hbox (badness 10000) in paragraph at lines 31--32
[]\T1/pbk/l/n/10.95 Object Ma-na-ge-ment Group (OMG), ``Bu-si-ness Pro-cess Mo-
del and
 []


Underfull \hbox (badness 10000) in paragraph at lines 31--32
\T1/pbk/l/n/10.95 No-ta-tion (BPMN), Ver-sion 2.0,'' enero de 2011. Dis-po-ni-b
le en:
 []

[123

]
Underfull \hbox (badness 1661) in paragraph at lines 40--41
[]\T1/pbk/l/n/10.95 Parlamento Eu-ro-peo y Con-se-jo de la Unión Eu-ro-pea, ``R
e-gla-men-to (UE)
 []


Underfull \hbox (badness 3623) in paragraph at lines 40--41
\T1/pbk/l/n/10.95 so-nas fí-si-cas en lo que res-pec-ta al tra-ta-mien-to de da
-tos per-so-na-les
 []


Underfull \hbox (badness 2142) in paragraph at lines 40--41
\T1/pbk/l/n/10.95 y a la li-bre cir-cu-la-ción de es-tos da-tos (RGPD),'' 2016.
 Dis-po-ni-ble en:
 []


Underfull \hbox (badness 1215) in paragraph at lines 46--47
[]\T1/pbk/l/n/10.95 A. Kar-pathy, ``The-re's a new kind of co-ding I call `vi-b
e co-ding'...,'' [Pu-
 []


Underfull \hbox (badness 2418) in paragraph at lines 46--47
\T1/pbk/l/n/10.95 bli-ca-ción en X (an-tes Twit-ter)], 2 de fe-bre-ro de 2025. 
Dis-po-ni-ble en:
 []


Underfull \hbox (badness 1721) in paragraph at lines 66--70
[]\T1/pbk/l/n/10.95 Feuerriegel, S., Hart-mann, J., Ja-niesch, C., & Zs-chech, 
P. (2024). Ge-
 []

)
LaTeX Info: Redefining \. on input line 71.
LaTeX Info: Redefining \% on input line 71.
 [124] (secciones/AnexoI.tex [125


]
LaTeX Info: Redefining \. on input line 89.
LaTeX Info: Redefining \% on input line 89.
 [126]) (secciones/AnexoII.tex
LaTeX Info: Redefining \. on input line 5.
LaTeX Info: Redefining \% on input line 5.
 [127
pdfTeX warning (ext4): destination with the same identifier (name{figure.Alph0.
1}) has been already used, duplicate ignored
<argument> ...shipout:D \box_use:N \l_shipout_box 
                                                  \__shipout_drop_firstpage_...
l.5 \chapter
            {MigraciÃ³n del proveedor LLM: de GitHub Models a Azure OpenAI}]
[128

] [129]
LaTeX Info: Redefining \. on input line 72.
LaTeX Info: Redefining \% on input line 72.
 [130]
LaTeX Font Info:    Font shape `T1/pcr/m/it' in size <10.95> not available
(Font)              Font shape `T1/pcr/m/sl' tried instead on input line 84.

Overfull \hbox (151.41475pt too wide) in paragraph at lines 84--85
[]\T1/pcr/m/n/10.95 AZURE_OPENAI_ENDPOINT\T1/pbk/l/n/10.95 : URL ba-se del re-c
ur-so (p. ej. \T1/pcr/m/n/10.95 https://\T1/pcr/m/sl/10.95 nombre-recurso\T1/pc
r/m/n/10.95 .openai.azure.com\T1/pbk/l/n/10.95 ). 
 []

LaTeX Info: Redefining \. on input line 110.
LaTeX Info: Redefining \% on input line 110.
[131]
Underfull \hbox (badness 10000) in paragraph at lines 119--119
[]|\T1/pcr/m/n/10.95 Authorization:
 []


Overfull \hbox (9.93243pt too wide) in paragraph at lines 121--121
[]|\T1/pcr/m/n/10.95 max_completion_tokens| 
 []


Underfull \hbox (badness 2671) in paragraph at lines 122--122
[]|\T1/pbk/l/n/10.95 Obligatoria (\T1/pbk/l/it/10.95 query pa-
 []


Underfull \hbox (badness 1946) in paragraph at lines 123--123
[]|\T1/pbk/l/n/10.95 Tiempo de es-pe-ra (\T1/pbk/l/it/10.95 ti-
 []


Underfull \hbox (badness 4792) in paragraph at lines 124--124
[]|\T1/pbk/l/n/10.95 No apli-ca (1 \T1/pbk/l/it/10.95 de-ploy-
 []


Overfull \hbox (23.02737pt too wide) in paragraph at lines 148--149
\T1/pbk/l/n/10.95 pun-to de en-tra-da úni-co e in-de-pen-dien-te del pro-vee-do
r: re-di-ri-ge in-ter-na-men-te a \T1/pcr/m/n/10.95 callAzure
 []


Underfull \vbox (badness 6204) has occurred while \output is active []

LaTeX Info: Redefining \. on input line 172.
LaTeX Info: Redefining \% on input line 172.
 [132
pdfTeX warning (ext4): destination with the same identifier (name{table.Alph0.1
}) has been already used, duplicate ignored
<argument> ...shipout:D \box_use:N \l_shipout_box 
                                                  \__shipout_drop_firstpage_...
l.172 
      ]
Overfull \hbox (29.33163pt too wide) in paragraph at lines 173--174
\T1/pbk/l/n/10.95 siem-pre Azu-re Ope-nAI (don-de las va-ria-bles \T1/pcr/m/n/1
0.95 AZURE_OPENAI_KEY \T1/pbk/l/n/10.95 y \T1/pcr/m/n/10.95 AZURE_OPENAI_ENDPOI
NT
 []


Underfull \hbox (badness 2050) in paragraph at lines 191--191
[]|\T1/pbk/l/n/10.95 gpt-4.1, gpt-4o, gpt-4o-
 []


Underfull \hbox (badness 1521) in paragraph at lines 191--191
\T1/pbk/l/n/10.95 mini, gpt-4.1-mini, gpt-
 []


Underfull \hbox (badness 10000) in paragraph at lines 194--194
[]|\T1/pbk/l/n/10.95 Parámetro de to-
 []


Overfull \hbox (1.39653pt too wide) in paragraph at lines 194--194
[]|\T1/pcr/m/n/10.95 max_completion_tokens| 
 []


Underfull \hbox (badness 1490) in paragraph at lines 195--195
[]|\T1/pbk/l/n/10.95 Baja (mo-de-los re-ti-ra-dos
 []

LaTeX Info: Redefining \. on input line 203.
LaTeX Info: Redefining \% on input line 203.
[133
pdfTeX warning (ext4): destination with the same identifier (name{figure.Alph0.
2}) has been already used, duplicate ignored
<argument> ...shipout:D \box_use:N \l_shipout_box 
                                                  \__shipout_drop_firstpage_...
l.203 
      
pdfTeX warning (ext4): destination with the same identifier (name{table.Alph0.2
}) has been already used, duplicate ignored
<argument> ...shipout:D \box_use:N \l_shipout_box 
                                                  \__shipout_drop_firstpage_...
l.203 
      ]) (secciones/AnexoIII.tex
LaTeX Info: Redefining \. on input line 5.
LaTeX Info: Redefining \% on input line 5.
 [134] [135

]
Overfull \hbox (31.36005pt too wide) in paragraph at lines 99--101
\T1/pcr/m/n/10.95 mcp-server/.env.example \T1/pbk/l/n/10.95 y guar-dar-la co-mo
 \T1/pcr/m/n/10.95 .env \T1/pbk/l/n/10.95 en \T1/pcr/m/n/10.95 bpmn-js-examples
/modeler/
 []

LaTeX Info: Redefining \. on input line 107.
LaTeX Info: Redefining \% on input line 107.
[136]
Overfull \hbox (69.25708pt too wide) in paragraph at lines 122--123
\T1/pbk/l/n/10.95 Este co-man-do eje-cu-ta en pa-ra-le-lo \T1/pcr/m/n/10.95 npm
 run mcp-server \T1/pbk/l/n/10.95 (que arran-ca \T1/pcr/m/n/10.95 mcp-server/in
dex.js
 []

)
LaTeX Info: Redefining \. on input line 77.
LaTeX Info: Redefining \% on input line 77.
 [137] (plantilla_TFM.aux
LaTeX Info: Redefining \. on input line 11.
LaTeX Info: Redefining \% on input line 11.
)
 ***********
LaTeX2e <2025-11-01>
L3 programming layer <2025-11-06>
 ***********


LaTeX Warning: There were undefined references.


LaTeX Warning: Label(s) may have changed. Rerun to get cross-references right.


Package rerunfilecheck Warning: File `plantilla_TFM.out' has changed.
(rerunfilecheck)                Rerun to get outlines right
(rerunfilecheck)                or use package `bookmark'.

Package rerunfilecheck Info: Checksums for `plantilla_TFM.out':
(rerunfilecheck)             Before: 5C4713E313C748D24D20D042A9D30649;32049
(rerunfilecheck)             After:  3D8EC8FF793ABC7DA8BA4AB365AD6592;32023.
 )
(\end occurred inside a group at level 1)

### simple group (level 1) entered at line 27 ({)
### bottom level 
Here is how much of TeX's memory you used:
 40119 strings out of 467871
 892698 string characters out of 5417408
 2208824 words of memory out of 5000000
 66955 multiletter control sequences out of 15000+600000
 685522 words of font info for 163 fonts, out of 8000000 for 9000
 1141 hyphenation exceptions out of 8191
 89i,13n,107p,1493b,2629s stack positions out of 10000i,1000n,20000p,200000b,200000s
<C:/Users/USUARIO/AppData/Local/Programs/MiKTeX/fonts/type1/pub
lic/amsfonts/cm/cmbx10.pfb><C:/Users/USUARIO/AppData/Local/Programs/MiKTeX/font
s/type1/public/amsfonts/cm/cmex10.pfb><C:/Users/USUARIO/AppData/Local/Programs/
MiKTeX/fonts/type1/public/amsfonts/cm/cmmi10.pfb><C:/Users/USUARIO/AppData/Loca
l/Programs/MiKTeX/fonts/type1/public/amsfonts/cm/cmmi8.pfb><C:/Users/USUARIO/Ap
pData/Local/Programs/MiKTeX/fonts/type1/public/amsfonts/cm/cmmib10.pfb><C:/User
s/USUARIO/AppData/Local/Programs/MiKTeX/fonts/type1/public/amsfonts/cm/cmr10.pf
b><C:/Users/USUARIO/AppData/Local/Programs/MiKTeX/fonts/type1/public/amsfonts/c
m/cmr8.pfb><C:/Users/USUARIO/AppData/Local/Programs/MiKTeX/fonts/type1/public/a
msfonts/cm/cmr9.pfb><C:/Users/USUARIO/AppData/Local/Programs/MiKTeX/fonts/type1
/public/amsfonts/cm/cmsy10.pfb><C:/Users/USUARIO/AppData/Local/Programs/MiKTeX/
fonts/type1/urw/bookman/ubkd8a.pfb><C:/Users/USUARIO/AppData/Local/Programs/MiK
TeX/fonts/type1/urw/bookman/ubkdi8a.pfb><C:/Users/USUARIO/AppData/Local/Program
s/MiKTeX/fonts/type1/urw/bookman/ubkl8a.pfb><C:/Users/USUARIO/AppData/Local/Pro
grams/MiKTeX/fonts/type1/urw/bookman/ubkli8a.pfb><C:/Users/USUARIO/AppData/Loca
l/Programs/MiKTeX/fonts/type1/urw/courier/ucrb8a.pfb><C:/Users/USUARIO/AppData/
Local/Programs/MiKTeX/fonts/type1/urw/courier/ucrr8a.pfb><C:/Users/USUARIO/AppD
ata/Local/Programs/MiKTeX/fonts/type1/urw/courier/ucrro8a.pfb>
Output written on plantilla_TFM.pdf (149 pages, 944415 bytes).
PDF statistics:
 2868 PDF objects out of 2984 (max. 8388607)
 1324 named destinations out of 1440 (max. 500000)
 1151 words of extra memory for PDF output out of 10000 (max. 10000000)

